pf1,pf2,overlap_nuc,within_pareto,zscore_dist,seconds
PF00004,PF00009,12,1,-1.9712693899687468,95.42607975006104
PF00004,PF00009,42,1,-1.7648935715831515,79.67578506469727
PF00004,PF00009,72,1,-1.3101717193855529,81.48840475082397
PF00004,PF00009,102,1,-1.203474510376436,82.88589978218079
PF00004,PF00009,132,1,-0.8614495250673633,84.76338171958923
PF00004,PF00009,162,1,-0.5150353299767597,86.70192074775696
PF00004,PF00009,192,0,0.31447265661353024,87.49875783920288
PF00004,PF00009,222,0,0.8985907540732421,90.25373554229736
PF00004,PF00009,252,0,1.219062800594734,91.73238563537598
PF00004,PF00009,282,0,2.3221198138220065,94.80759572982788
PF00004,PF00009,312,0,1.7923305229949167,97.54085206985474
PF00004,PF00009,32,1,-1.6046077117578648,96.67134165763855
PF00004,PF00009,62,1,-0.8106515566572913,81.0857162475586
PF00004,PF00009,92,1,-0.688262605243913,82.51352047920227
PF00004,PF00009,122,1,-0.17584211966268118,83.87569499015808
PF00004,PF00009,152,0,0.4296037338772133,85.85250973701477
PF00004,PF00009,182,0,0.523794186489917,87.7715573310852
PF00004,PF00009,212,0,0.9496288200436264,88.49044466018677
PF00004,PF00009,242,0,1.855369948155981,91.39603400230408
PF00004,PF00009,272,0,1.9048908964220597,92.79188346862793
PF00004,PF00009,302,0,2.1555646500710828,95.9540593624115
PF00004,PF00009,22,1,-2.2339576031503685,53.54186820983887
PF00004,PF00009,52,1,-1.4244469791916312,45.11669945716858
PF00004,PF00009,82,1,-1.3239617997878554,45.8508677482605
PF00004,PF00009,112,1,-1.141287956389319,46.310333013534546
PF00004,PF00009,142,1,-1.0878173000390634,47.154574394226074
PF00004,PF00009,172,1,-0.7749628031051404,47.65378451347351
PF00004,PF00009,202,1,-0.21927816276209675,48.55397319793701
PF00004,PF00009,232,0,0.2582820854678087,49.49159622192383
PF00004,PF00009,262,0,0.41764672971721406,50.29671859741211
PF00004,PF00009,292,0,0.4496488875412646,51.20069646835327
PF00004,PF00009,322,0,0.2648397606723298,52.268168687820435
PF00004,PF00011,12,1,-2.6241807465399782,75.79659223556519
PF00004,PF00011,42,1,-1.7997082262016149,62.4139769077301
PF00004,PF00011,72,1,-1.2172655493539053,64.84978985786438
PF00004,PF00011,102,1,-0.8739933634904125,65.3342957496643
PF00004,PF00011,132,1,-0.8760983713908809,66.38802671432495
PF00004,PF00011,162,1,-0.3240293812727691,68.81532740592957
PF00004,PF00011,192,0,0.09580998701220467,71.06072092056274
PF00004,PF00011,222,0,0.8214264433715958,74.56630349159241
PF00004,PF00011,32,1,-1.5252534432083513,77.14827680587769
PF00004,PF00011,62,1,-1.4139550712999434,62.79178595542908
PF00004,PF00011,92,1,-0.8694084176755408,63.3909637928009
PF00004,PF00011,122,1,-0.7046099625638492,64.37358331680298
PF00004,PF00011,152,0,0.03745530773826251,65.20060110092163
PF00004,PF00011,182,0,0.14368249894544907,67.51139998435974
PF00004,PF00011,212,0,1.2098757663581428,69.55845046043396
PF00004,PF00011,22,1,-2.8065760917367286,75.81053948402405
PF00004,PF00011,52,1,-1.9739629176961462,62.16463041305542
PF00004,PF00011,82,1,-1.8120013371257737,62.7787401676178
PF00004,PF00011,112,1,-1.4006414801549496,63.29578900337219
PF00004,PF00011,142,1,-1.3503015667289562,64.17037200927734
PF00004,PF00011,172,1,-1.3860828149820479,68.05824255943298
PF00004,PF00011,202,1,-0.7265312583138717,68.71473407745361
PF00004,PF00011,232,1,-0.13033588019039216,70.71422672271729
PF00004,PF00013,12,1,-2.0830509957463783,67.27152967453003
PF00004,PF00013,42,1,-1.5813411696726445,55.157631397247314
PF00004,PF00013,72,1,-1.147187805747842,56.377283573150635
PF00004,PF00013,102,1,-0.6572716120638316,57.95921087265015
PF00004,PF00013,132,1,-0.5150369060748178,58.83732604980469
PF00004,PF00013,162,0,0.0794105474223301,60.08848237991333
PF00004,PF00013,32,1,-1.8341759015157548,68.80303239822388
PF00004,PF00013,62,1,-1.3512163552767127,55.853673219680786
PF00004,PF00013,92,1,-0.61067427196341,56.825899600982666
PF00004,PF00013,122,1,-0.14527945000993508,58.409451484680176
PF00004,PF00013,152,0,0.18120382687087594,59.34130311012268
PF00004,PF00013,22,1,-2.7790618597024035,68.48590397834778
PF00004,PF00013,52,1,-2.3838647456930406,55.12181043624878
PF00004,PF00013,82,1,-1.6891491930221623,56.43161058425903
PF00004,PF00013,112,1,-1.4363321461238012,57.511794328689575
PF00004,PF00013,142,1,-1.161556157886548,58.58025932312012
PF00004,PF00017,12,1,-2.0948750909009335,41.873589277267456
PF00004,PF00017,42,1,-1.6163060414500776,34.3422577381134
PF00004,PF00017,72,1,-1.3068071581219916,35.231130599975586
PF00004,PF00017,102,1,-0.6325100929365697,35.363245248794556
PF00004,PF00017,132,1,-0.16278227389534147,36.596235513687134
PF00004,PF00017,162,0,0.41581810182077766,37.691174030303955
PF00004,PF00017,192,0,0.7699417827410163,38.55283188819885
PF00004,PF00017,32,1,-1.3982783377533716,73.8026430606842
PF00004,PF00017,62,1,-0.6124622626215497,60.81243085861206
PF00004,PF00017,92,1,-0.24812168178088473,61.502198457717896
PF00004,PF00017,122,0,0.37530149612553565,62.30906081199646
PF00004,PF00017,152,0,0.952267114360239,63.975871086120605
PF00004,PF00017,182,0,1.6921039821033566,66.21115207672119
PF00004,PF00017,212,0,1.9593735301760442,68.24722671508789
PF00004,PF00017,22,1,-1.8826487267479566,72.73378872871399
PF00004,PF00017,52,1,-1.4800641771204706,59.12093544006348
PF00004,PF00017,82,1,-0.938989430062895,60.9911789894104
PF00004,PF00017,112,1,-0.8186206464146906,61.39041447639465
PF00004,PF00017,142,1,-0.5002915762885696,62.73880910873413
PF00004,PF00017,172,1,-0.02243332745824399,64.315833568573
PF00004,PF00017,202,0,0.3917768654122684,65.78559803962708
PF00004,PF00018,12,1,-1.9039105406445813,63.3348126411438
PF00004,PF00018,42,1,-1.7475301808410069,50.25441765785217
PF00004,PF00018,72,1,-1.1999707259970516,51.310264587402344
PF00004,PF00018,102,1,-0.2640675263172191,53.14148831367493
PF00004,PF00018,32,1,-1.6651960135034418,63.81202268600464
PF00004,PF00018,62,1,-0.9862410976154244,51.82683277130127
PF00004,PF00018,92,1,-0.15609551530682644,53.356754302978516
PF00004,PF00018,122,0,0.43128793349977773,55.1846923828125
PF00004,PF00018,22,1,-1.9112907894043403,63.28113603591919
PF00004,PF00018,52,1,-1.655666610907915,51.08440017700195
PF00004,PF00018,82,1,-1.4879130969022323,51.82166790962219
PF00004,PF00018,112,1,-0.7576272654406458,53.329060316085815
PF00004,PF00041,12,1,-3.095219484705684,73.32466530799866
PF00004,PF00041,42,1,-2.149078984091179,60.37946605682373
PF00004,PF00041,72,1,-2.0909701832873053,61.05364012718201
PF00004,PF00041,102,1,-1.6770796436066735,63.05124354362488
PF00004,PF00041,132,1,-0.9445155513284318,64.14392042160034
PF00004,PF00041,162,1,-1.0002532187238253,65.53019738197327
PF00004,PF00041,192,1,-0.3631871762545709,67.41436505317688
PF00004,PF00041,32,1,-2.615301303229703,42.40573215484619
PF00004,PF00041,62,1,-1.614686829503914,34.617597818374634
PF00004,PF00041,92,1,-1.3802704592574049,35.064711809158325
PF00004,PF00041,122,1,-0.9078381498373315,35.589518547058105
PF00004,PF00041,152,1,-0.41419607524785323,36.96192646026611
PF00004,PF00041,182,1,-0.3457261007986798,37.40796399116516
PF00004,PF00041,212,0,0.603811131778925,38.606393814086914
PF00004,PF00041,22,1,-2.058085704176149,71.48239731788635
PF00004,PF00041,52,1,-1.92713687626709,58.86922311782837
PF00004,PF00041,82,1,-1.7964192834169859,59.80273485183716
PF00004,PF00041,112,1,-1.6049129921802057,61.02347803115845
PF00004,PF00041,142,1,-1.6238363719060647,63.06795907020569
PF00004,PF00041,172,1,-1.504654294114654,64.97519254684448
PF00004,PF00041,202,1,-1.0246073951213548,67.61061906814575
PF00004,PF00072,12,1,-2.242927992682439,83.7202627658844
PF00004,PF00072,42,1,-2.3914055941070633,69.16172647476196
PF00004,PF00072,72,1,-1.8443472775478011,70.88324666023254
PF00004,PF00072,102,1,-1.6529905204609303,72.69007515907288
PF00004,PF00072,132,1,-1.5273749829256913,74.0325539112091
PF00004,PF00072,162,1,-1.0528551272932913,77.32790279388428
PF00004,PF00072,192,1,-0.596279103521234,80.31721472740173
PF00004,PF00072,222,1,-0.3893187652056949,82.34434461593628
PF00004,PF00072,252,1,-0.05789468706269482,84.77816367149353
PF00004,PF00072,282,0,0.43556835169606534,87.53245902061462
PF00004,PF00072,312,0,0.9803286248892632,90.87700605392456
PF00004,PF00072,32,1,-1.9430835012025618,84.76350140571594
PF00004,PF00072,62,1,-1.760077452852429,70.38829445838928
PF00004,PF00072,92,1,-1.4906102792503195,72.00069642066956
PF00004,PF00072,122,1,-1.253302944898032,73.73594999313354
PF00004,PF00072,152,1,-0.6165949187466664,74.92708730697632
PF00004,PF00072,182,1,-0.20309511987555562,78.05094933509827
PF00004,PF00072,212,0,0.006690467264372271,79.97466969490051
PF00004,PF00072,242,0,0.3680114025005641,82.96822810173035
PF00004,PF00072,272,0,1.0777126123157623,86.41970705986023
PF00004,PF00072,302,0,1.3459155376947134,89.51556348800659
PF00004,PF00072,22,1,-2.1496712166833847,84.33795952796936
PF00004,PF00072,52,1,-1.915111899924952,69.57957530021667
PF00004,PF00072,82,1,-1.855762965604419,70.90402340888977
PF00004,PF00072,112,1,-1.7379165032077297,72.46991348266602
PF00004,PF00072,142,1,-1.9822859860734474,73.76119780540466
PF00004,PF00072,172,1,-1.5852080411780696,75.87938404083252
PF00004,PF00072,202,1,-1.2316433592273888,77.51446533203125
PF00004,PF00072,232,1,-1.3401942435392318,79.93174052238464
PF00004,PF00072,262,1,-1.1483786466630221,82.1597011089325
PF00004,PF00072,292,1,-0.8485280571917937,84.39613270759583
PF00004,PF00076,12,1,-2.5622738099116087,65.98891758918762
PF00004,PF00076,42,1,-1.8243325300751896,54.47397255897522
PF00004,PF00076,72,1,-1.4259265308598439,55.681657791137695
PF00004,PF00076,102,1,-0.5823433898211354,57.737154483795166
PF00004,PF00076,132,1,-0.6115013055134372,59.62030220031738
PF00004,PF00076,162,1,-0.18154240327039559,62.180131673812866
PF00004,PF00076,32,1,-1.7060231713802332,67.24542474746704
PF00004,PF00076,62,1,-0.9489780186982985,55.77863574028015
PF00004,PF00076,92,1,-0.5444366109892841,56.765015840530396
PF00004,PF00076,122,0,0.19596270760243886,58.56551909446716
PF00004,PF00076,152,0,0.23765433610172015,60.21751427650452
PF00004,PF00076,22,1,-1.9928599622754093,65.87675595283508
PF00004,PF00076,52,1,-1.8784006977964305,54.624675035476685
PF00004,PF00076,82,1,-1.7346889034354092,55.737470626831055
PF00004,PF00076,112,1,-1.4522077256219375,57.274027585983276
PF00004,PF00076,142,1,-1.1009245329668764,58.91736173629761
PF00004,PF00096,12,1,-1.7808844384362814,58.766623973846436
PF00004,PF00096,42,1,-1.6960872471556592,47.028422832489014
PF00004,PF00096,32,1,-1.101281238854785,59.89805483818054
PF00004,PF00096,62,1,-0.5219061145030984,47.93564414978027
PF00004,PF00096,22,1,-2.548846861547572,59.64540219306946
PF00004,PF00096,52,1,-1.3902302912451696,46.90720772743225
PF00004,PF00153,12,1,-1.9274032655981084,43.26032638549805
PF00004,PF00153,42,1,-1.7912333937992417,36.49844455718994
PF00004,PF00153,72,1,-1.369255646049152,37.34441375732422
PF00004,PF00153,102,1,-0.5511586366363329,37.714319705963135
PF00004,PF00153,132,1,-0.2577435428164601,38.888816833496094
PF00004,PF00153,162,1,-0.11649575270180365,39.99122738838196
PF00004,PF00153,192,0,0.37150106084329415,41.13059997558594
PF00004,PF00153,222,0,0.6293312361227194,42.44075083732605
PF00004,PF00153,32,1,-1.6792996607047384,75.40886998176575
PF00004,PF00153,62,1,-0.9237931344802797,62.92054605484009
PF00004,PF00153,92,1,-0.5517048981413657,63.833293199539185
PF00004,PF00153,122,1,-0.060154563658592154,65.46816062927246
PF00004,PF00153,152,0,0.1588997413013181,67.1501796245575
PF00004,PF00153,182,0,0.7603872264803646,69.38812351226807
PF00004,PF00153,212,0,1.3525892403182576,72.19197082519531
PF00004,PF00153,242,0,1.3741968083718852,75.18266129493713
PF00004,PF00153,22,1,-1.7836734500317728,74.61643099784851
PF00004,PF00153,52,1,-1.4897464566602698,61.901432275772095
PF00004,PF00153,82,1,-1.5144877087030677,62.846726179122925
PF00004,PF00153,112,1,-1.001192415254308,64.07777500152588
PF00004,PF00153,142,1,-0.865495309278567,65.15405535697937
PF00004,PF00153,172,1,-0.9611532317234677,66.94854235649109
PF00004,PF00153,202,1,-0.07910621060169565,69.16842436790466
PF00004,PF00153,232,1,-0.03163751508342548,71.36299896240234
PF00004,PF00271,12,1,-2.1843127401701197,78.49861931800842
PF00004,PF00271,42,1,-1.852250659262813,65.56838655471802
PF00004,PF00271,72,1,-1.7869106387931613,66.71432280540466
PF00004,PF00271,102,1,-1.494502128280535,68.14941906929016
PF00004,PF00271,132,1,-1.6443457016034309,69.81291055679321
PF00004,PF00271,162,1,-1.004790455155775,71.85630130767822
PF00004,PF00271,192,1,-0.4885881253425126,74.55836415290833
PF00004,PF00271,222,0,0.24456731412348617,76.96155405044556
PF00004,PF00271,252,0,0.18219424670678258,80.78162837028503
PF00004,PF00271,32,1,-1.8584971065998952,79.37715530395508
PF00004,PF00271,62,1,-1.6230764147420973,66.20465111732483
PF00004,PF00271,92,1,-1.6021611564243325,67.51948404312134
PF00004,PF00271,122,1,-1.0581354460587895,68.64439797401428
PF00004,PF00271,152,1,-0.6988027456946495,70.22707891464233
PF00004,PF00271,182,1,-0.27325173390503715,72.51501774787903
PF00004,PF00271,212,0,0.6865364613726311,74.80580997467041
PF00004,PF00271,242,0,0.6706028184790231,77.16623091697693
PF00004,PF00271,272,0,1.267346656942627,81.51255130767822
PF00004,PF00271,22,1,-1.8783594692192955,77.75647807121277
PF00004,PF00271,52,1,-1.8280528986304276,64.63832354545593
PF00004,PF00271,82,1,-1.815792986930507,67.35318231582642
PF00004,PF00271,112,1,-1.5236686977506702,67.7718436717987
PF00004,PF00271,142,1,-1.667858242599702,69.24725937843323
PF00004,PF00271,172,1,-1.3509823289262712,71.00060749053955
PF00004,PF00271,202,1,-0.8653902880049688,72.99426937103271
PF00004,PF00271,232,1,-0.7836373290960147,75.32849431037903
PF00004,PF00271,262,1,-0.5344205602041141,78.45690679550171
PF00004,PF00397,12,1,-1.914265294192399,57.301379442214966
PF00004,PF00397,42,1,-1.2199647032397332,47.860474586486816
PF00004,PF00397,72,1,-0.4067237822012925,49.36328387260437
PF00004,PF00397,32,1,-0.8319037850912184,58.9167959690094
PF00004,PF00397,62,1,-0.5987810376500993,49.28509020805359
PF00004,PF00397,22,1,-1.7989523047630382,57.66192650794983
PF00004,PF00397,52,1,-0.8130535185596645,47.87411022186279
PF00004,PF00512,12,1,-1.9746781876378385,66.42213487625122
PF00004,PF00512,42,1,-1.4803586733613963,55.67084550857544
PF00004,PF00512,72,1,-1.459296959911354,56.60366749763489
PF00004,PF00512,102,1,-1.3949669893812375,57.53075695037842
PF00004,PF00512,132,1,-1.1643741092943345,59.57304549217224
PF00004,PF00512,162,1,-0.5670708039079068,62.653908014297485
PF00004,PF00512,32,1,-1.5857712303507296,67.36172103881836
PF00004,PF00512,62,1,-1.0340971314429557,56.05584383010864
PF00004,PF00512,92,1,-0.814982866471534,57.071743965148926
PF00004,PF00512,122,1,-0.44182086690171146,58.787062883377075
PF00004,PF00512,152,1,-0.3881950605211205,60.42314434051514
PF00004,PF00512,22,1,-2.5359386779267394,38.689351320266724
PF00004,PF00512,52,1,-1.7439226861069606,32.15098285675049
PF00004,PF00512,82,1,-1.7574020600261016,32.743430852890015
PF00004,PF00512,112,1,-1.7238534786486128,33.07795429229736
PF00004,PF00512,142,1,-1.5029883562858954,34.207335472106934
PF00004,PF00512,172,1,-1.2452617981884395,35.1548855304718
PF00004,PF00595,12,1,-2.7528628631020498,69.68573260307312
PF00004,PF00595,42,1,-1.8470202362922825,58.18971657752991
PF00004,PF00595,72,1,-1.4533772253015995,59.656710624694824
PF00004,PF00595,102,1,-1.0182767459452429,61.261099100112915
PF00004,PF00595,132,1,-0.6141404936297222,63.137417793273926
PF00004,PF00595,162,0,0.5026544444483748,65.66673803329468
PF00004,PF00595,192,0,0.9076002257509177,67.90730905532837
PF00004,PF00595,32,1,-1.68086528716389,69.50880312919617
PF00004,PF00595,62,1,-1.164154908503865,58.95483350753784
PF00004,PF00595,92,1,-0.6165934310383223,60.22937488555908
PF00004,PF00595,122,0,0.07285272745223617,62.7675461769104
PF00004,PF00595,152,0,0.2052196150919779,64.32163691520691
PF00004,PF00595,182,0,0.9207745549721823,66.83578681945801
PF00004,PF00595,22,1,-1.965949290337672,69.6949691772461
PF00004,PF00595,52,1,-1.849387997967965,57.98522114753723
PF00004,PF00595,82,1,-1.632060375679259,59.30162334442139
PF00004,PF00595,112,1,-1.2389934447957085,60.863168239593506
PF00004,PF00595,142,1,-1.0313744274123837,62.66190791130066
PF00004,PF00595,172,1,-0.7476746958741618,65.00636196136475
PF00004,PF00595,202,1,-0.5841887293850859,66.71126174926758
PF00004,PF02518,12,1,-2.4581376240453507,80.84711909294128
PF00004,PF02518,42,1,-1.8796784527325847,67.94185996055603
PF00004,PF02518,72,1,-2.275125690730414,69.2580955028534
PF00004,PF02518,102,1,-1.690270520069526,71.19855046272278
PF00004,PF02518,132,1,-1.3500350157355931,73.50538039207458
PF00004,PF02518,162,1,-0.9462516058442059,75.46987891197205
PF00004,PF02518,192,1,-0.5458313586579854,79.12742757797241
PF00004,PF02518,222,0,0.10196527586553868,79.76147842407227
PF00004,PF02518,252,1,-0.11096929333451411,81.99761319160461
PF00004,PF02518,282,0,0.4064417155931949,85.0350730419159
PF00004,PF02518,32,1,-2.064643249645113,81.17125296592712
PF00004,PF02518,62,1,-1.836668897072936,67.70151138305664
PF00004,PF02518,92,1,-1.5081022438265188,69.27611899375916
PF00004,PF02518,122,1,-0.8565762313861958,70.96070837974548
PF00004,PF02518,152,1,-1.2135521507457645,72.4406852722168
PF00004,PF02518,182,1,-0.19329471600068068,75.0418746471405
PF00004,PF02518,212,0,0.2279866334064267,78.29706931114197
PF00004,PF02518,242,0,1.168454473809639,80.08142232894897
PF00004,PF02518,272,0,1.1969499034479791,83.06466579437256
PF00004,PF02518,22,1,-2.900365148248287,79.28463244438171
PF00004,PF02518,52,1,-1.9181364502567662,67.3787477016449
PF00004,PF02518,82,1,-1.7085058247938305,68.46420979499817
PF00004,PF02518,112,1,-1.7537424467156002,70.18726706504822
PF00004,PF02518,142,1,-1.4892889424153009,71.66873073577881
PF00004,PF02518,172,1,-1.3227118256823471,73.07612991333008
PF00004,PF02518,202,1,-1.103442319999092,76.8355438709259
PF00004,PF02518,232,1,-1.131734853473174,76.96480369567871
PF00004,PF02518,262,1,-0.9949673473095195,79.82721304893494
PF00004,PF02518,292,1,-0.41890497178677755,81.78005599975586
PF00004,PF07679,12,1,-3.957286604704612,42.3079092502594
PF00004,PF07679,42,1,-2.170136174866724,35.12524700164795
PF00004,PF07679,72,1,-1.7923971975875312,35.87151265144348
PF00004,PF07679,102,1,-1.4101176774327353,36.855592250823975
PF00004,PF07679,132,1,-1.0249082559812601,37.81060004234314
PF00004,PF07679,162,1,-0.42853201662234847,39.024165630340576
PF00004,PF07679,192,1,-0.05701736351867138,40.373804569244385
PF00004,PF07679,222,0,0.04560149633201447,41.72685742378235
PF00004,PF07679,32,1,-1.8127371577248281,76.88780808448792
PF00004,PF07679,62,1,-1.58749932662654,62.74128818511963
PF00004,PF07679,92,1,-0.8881811430670042,63.41716146469116
PF00004,PF07679,122,1,-0.7153745336511022,64.65452265739441
PF00004,PF07679,152,1,-0.15450068834850486,66.36622452735901
PF00004,PF07679,182,1,-0.04016559388870963,68.53963708877563
PF00004,PF07679,212,0,1.0428086884657253,70.7933931350708
PF00004,PF07679,22,1,-1.8627865397703052,72.51421618461609
PF00004,PF07679,52,1,-1.8402903243808466,60.407015562057495
PF00004,PF07679,82,1,-1.855230397949934,61.08441925048828
PF00004,PF07679,112,1,-1.6110098157619512,62.51142930984497
PF00004,PF07679,142,1,-1.2058757991198374,63.44478225708008
PF00004,PF07679,172,1,-1.2559736230889573,65.10395383834839
PF00004,PF07679,202,1,-0.6421286912750982,66.88559222221375
PF00009,PF00011,12,1,-2.7563029283662885,97.67274951934814
PF00009,PF00011,42,1,-1.8784492528250234,80.88207125663757
PF00009,PF00011,72,1,-1.1664650119454107,82.3729658126831
PF00009,PF00011,102,1,-0.5896830820404492,84.20713973045349
PF00009,PF00011,132,1,-0.8050573853471624,85.84819197654724
PF00009,PF00011,162,1,-0.5208707170677451,88.74067902565002
PF00009,PF00011,192,1,-0.3374988762229383,89.4655864238739
PF00009,PF00011,222,0,0.5824988460781049,91.52508354187012
PF00009,PF00011,32,1,-1.9185945328841096,56.90101337432861
PF00009,PF00011,62,1,-1.7532240781322999,47.05959987640381
PF00009,PF00011,92,1,-0.8651495878378282,48.32869791984558
PF00009,PF00011,122,1,-0.6891724285902101,49.331520557403564
PF00009,PF00011,152,0,0.05943482601691839,50.07846927642822
PF00009,PF00011,182,0,0.23834532363867672,51.064751386642456
PF00009,PF00011,212,0,0.9210317994019754,52.10848927497864
PF00009,PF00011,22,1,-2.3716466367900546,56.50325155258179
PF00009,PF00011,52,1,-1.964051884180418,46.50887489318848
PF00009,PF00011,82,1,-1.855685613869883,47.27517342567444
PF00009,PF00011,112,1,-1.448806662367271,48.04403591156006
PF00009,PF00011,142,1,-1.119053578491908,48.2856707572937
PF00009,PF00011,172,1,-0.8747544869821154,49.74803328514099
PF00009,PF00011,202,1,-0.4815891668279684,50.09939789772034
PF00009,PF00011,232,1,-0.017583978514212388,51.5084183216095
PF00009,PF00013,12,1,-3.211998469898209,88.53363609313965
PF00009,PF00013,42,1,-2.166727728680438,75.83968734741211
PF00009,PF00013,72,1,-1.717568231276316,79.10849046707153
PF00009,PF00013,102,1,-1.0781339343461813,80.86163330078125
PF00009,PF00013,132,1,-0.35395502693716274,82.64563775062561
PF00009,PF00013,162,1,-0.47661778699564894,84.45672297477722
PF00009,PF00013,32,1,-2.11258318047039,92.41228532791138
PF00009,PF00013,62,1,-1.3874889975843956,75.04634737968445
PF00009,PF00013,92,1,-0.2616277111180185,76.98697352409363
PF00009,PF00013,122,1,-0.06634185291337277,79.21259355545044
PF00009,PF00013,152,0,0.9449366865838909,82.08245158195496
PF00009,PF00013,22,1,-2.59783182229554,88.77178239822388
PF00009,PF00013,52,1,-2.1195517568394213,75.50097894668579
PF00009,PF00013,82,1,-1.7175703345345457,77.42591166496277
PF00009,PF00013,112,1,-0.8466733132160507,79.52379512786865
PF00009,PF00013,142,1,-0.9946549832765337,82.29424405097961
PF00009,PF00017,12,1,-2.1864237425640796,96.01678824424744
PF00009,PF00017,42,1,-1.8183294155820844,78.88955521583557
PF00009,PF00017,72,1,-0.6860311182379181,81.11525058746338
PF00009,PF00017,102,1,-0.7531512669347714,81.85018491744995
PF00009,PF00017,132,1,-0.12755022232549376,84.53809976577759
PF00009,PF00017,162,0,0.015670090282261573,85.71390795707703
PF00009,PF00017,192,0,1.3555255366202146,87.66211080551147
PF00009,PF00017,32,1,-1.4272580919007847,93.82517552375793
PF00009,PF00017,62,1,-0.4627242992864799,79.41142058372498
PF00009,PF00017,92,1,-0.3773942430047076,81.50514459609985
PF00009,PF00017,122,0,0.850654340479141,83.50535035133362
PF00009,PF00017,152,0,1.179403339789118,86.62805366516113
PF00009,PF00017,182,0,1.2951592572620683,88.20744037628174
PF00009,PF00017,212,0,2.4191449232704465,89.72194838523865
PF00009,PF00017,22,1,-1.9517314713618716,55.19345498085022
PF00009,PF00017,52,1,-1.4343834232866273,46.70035982131958
PF00009,PF00017,82,1,-1.041350132168549,47.65857815742493
PF00009,PF00017,112,1,-0.6934346368555454,48.76878595352173
PF00009,PF00017,142,1,-0.6444408648938048,49.66140174865723
PF00009,PF00017,172,0,0.15059142500193223,50.8898229598999
PF00009,PF00017,202,0,0.2828783111852438,52.23907732963562
PF00009,PF00018,12,1,-2.362513868202822,85.7466311454773
PF00009,PF00018,42,1,-2.149888074884927,73.4167833328247
PF00009,PF00018,72,1,-1.235876915768252,76.39904808998108
PF00009,PF00018,102,1,-1.1631284285202734,78.61077952384949
PF00009,PF00018,32,1,-1.856016715829845,87.00726652145386
PF00009,PF00018,62,1,-0.7794098385288629,72.37677931785583
PF00009,PF00018,92,1,-0.36441125494229143,76.16809034347534
PF00009,PF00018,122,0,0.10964866997512593,77.09207701683044
PF00009,PF00018,22,1,-2.383157078144231,85.5122320652008
PF00009,PF00018,52,1,-1.8396810564178392,73.33233165740967
PF00009,PF00018,82,1,-1.374730830506589,75.42874598503113
PF00009,PF00018,112,1,-1.159650781508554,77.70080518722534
PF00009,PF00041,12,1,-2.4180013869683705,96.5430428981781
PF00009,PF00041,42,1,-2.376974901493577,78.27088236808777
PF00009,PF00041,72,1,-2.164429736240703,79.87689018249512
PF00009,PF00041,102,1,-1.6860393812651973,81.20136880874634
PF00009,PF00041,132,1,-1.5174501562112788,82.29434847831726
PF00009,PF00041,162,1,-1.0234399994630643,85.00177335739136
PF00009,PF00041,192,1,-0.581453323958861,85.96445083618164
PF00009,PF00041,32,1,-2.4675404148667255,94.5310628414154
PF00009,PF00041,62,1,-2.0644200940727373,80.55924153327942
PF00009,PF00041,92,1,-1.880638565587349,82.24005722999573
PF00009,PF00041,122,1,-1.3420932251586621,83.36602592468262
PF00009,PF00041,152,1,-0.9387647430991162,84.41295099258423
PF00009,PF00041,182,0,0.08292998196872937,88.26385188102722
PF00009,PF00041,212,0,1.0521990946851119,90.80674028396606
PF00009,PF00041,22,1,-3.814169975745192,95.34338521957397
PF00009,PF00041,52,1,-2.0830516825113765,78.77614951133728
PF00009,PF00041,82,1,-2.025704907605219,80.95996189117432
PF00009,PF00041,112,1,-1.9950126839580429,81.50931215286255
PF00009,PF00041,142,1,-1.8545270959115414,82.3379430770874
PF00009,PF00041,172,1,-1.5021491466030386,83.72764611244202
PF00009,PF00041,202,1,-1.0084182466864808,86.07684183120728
PF00009,PF00072,12,1,-2.495543663201114,107.13578414916992
PF00009,PF00072,42,1,-2.898611305014814,88.27185821533203
PF00009,PF00072,72,1,-2.1998163902296324,89.40632939338684
PF00009,PF00072,102,1,-2.325043808867551,91.06066727638245
PF00009,PF00072,132,1,-1.7625624251111698,92.13844895362854
PF00009,PF00072,162,1,-1.1472919239695825,93.28693151473999
PF00009,PF00072,192,1,-0.40323234685475245,96.73828482627869
PF00009,PF00072,222,1,-0.6005916007919611,99.00667405128479
PF00009,PF00072,252,1,-0.20321163373011902,100.71440768241882
PF00009,PF00072,282,0,0.5723223764877428,101.45793771743774
PF00009,PF00072,312,0,0.7878699119109384,103.5833032131195
PF00009,PF00072,32,1,-2.2974190909270593,107.11525583267212
PF00009,PF00072,62,1,-2.020658519128696,88.4099428653717
PF00009,PF00072,92,1,-1.9226003066430384,90.49536776542664
PF00009,PF00072,122,1,-1.4940042681804713,91.68804979324341
PF00009,PF00072,152,1,-0.8810279575213611,92.28780841827393
PF00009,PF00072,182,1,-0.41260001953452663,92.88670206069946
PF00009,PF00072,212,0,0.4961904098092536,94.12939476966858
PF00009,PF00072,242,0,0.9770964470123134,96.72755122184753
PF00009,PF00072,272,0,1.5430459319114371,99.12648439407349
PF00009,PF00072,302,0,1.5437117536161096,100.5551245212555
PF00009,PF00072,22,1,-3.130485999903825,103.72142624855042
PF00009,PF00072,52,1,-2.4024256149548258,87.61113381385803
PF00009,PF00072,82,1,-2.073651737826326,88.49729800224304
PF00009,PF00072,112,1,-2.0275618145150753,91.42294716835022
PF00009,PF00072,142,1,-1.9595975503302918,92.21008944511414
PF00009,PF00072,172,1,-1.4987911474549962,94.20928883552551
PF00009,PF00072,202,1,-1.4358290636930235,96.32590103149414
PF00009,PF00072,232,1,-1.0185776947929837,97.12393832206726
PF00009,PF00072,262,1,-0.8129031525304383,98.55223083496094
PF00009,PF00072,292,1,-0.33348039390944473,99.65681004524231
PF00009,PF00076,12,1,-2.3548550031929474,53.0239155292511
PF00009,PF00076,42,1,-2.05852025982018,44.78075551986694
PF00009,PF00076,72,1,-1.0223262236757713,46.06285572052002
PF00009,PF00076,102,1,-1.1315584679994648,46.72630596160889
PF00009,PF00076,132,1,-0.14800515377837237,47.829304456710815
PF00009,PF00076,162,1,-0.4173145314323817,49.14273190498352
PF00009,PF00076,32,1,-1.7452980270457612,90.82962584495544
PF00009,PF00076,62,1,-1.0464235829321882,77.71465539932251
PF00009,PF00076,92,1,-0.47813615545309823,77.16673183441162
PF00009,PF00076,122,0,0.16522985898490566,79.66519618034363
PF00009,PF00076,152,0,0.5600626457806903,81.97036337852478
PF00009,PF00076,22,1,-2.263285083282467,44.39033818244934
PF00009,PF00076,52,1,-2.0127865039401436,36.621166706085205
PF00009,PF00076,82,1,-1.607526593380878,37.38591241836548
PF00009,PF00076,112,1,-1.0167450988187605,38.03495383262634
PF00009,PF00076,142,1,-0.43601682163722855,39.22741651535034
PF00009,PF00096,12,1,-2.2885138669655243,85.92492413520813
PF00009,PF00096,42,1,-1.513315116623639,70.56269717216492
PF00009,PF00096,32,1,-1.3920722683014777,86.55623984336853
PF00009,PF00096,62,1,-0.40887943726634934,71.69137144088745
PF00009,PF00096,22,1,-2.364738027998271,85.20723748207092
PF00009,PF00096,52,1,-1.1811271050868921,71.78781175613403
PF00009,PF00153,12,1,-1.8973158968050952,96.9583809375763
PF00009,PF00153,42,1,-1.5557851259892617,81.43232583999634
PF00009,PF00153,72,1,-1.0185378966335774,82.75907015800476
PF00009,PF00153,102,1,-0.6562833493986,84.90436863899231
PF00009,PF00153,132,1,-0.22822502330535097,87.22235941886902
PF00009,PF00153,162,1,-0.17163050289796833,90.10292029380798
PF00009,PF00153,192,0,0.10790180931052806,91.09281349182129
PF00009,PF00153,222,0,1.023401175510279,92.99343037605286
PF00009,PF00153,32,1,-1.765873696777135,96.93196988105774
PF00009,PF00153,62,1,-1.2444382685588915,82.1556191444397
PF00009,PF00153,92,1,-0.4397168466680119,84.95469307899475
PF00009,PF00153,122,1,-0.15919433948111864,87.193528175354
PF00009,PF00153,152,0,0.27318018203489575,88.09408497810364
PF00009,PF00153,182,0,1.1976265924161345,90.78342914581299
PF00009,PF00153,212,0,1.5243269668110413,93.17256736755371
PF00009,PF00153,242,0,2.051297642448622,95.55689930915833
PF00009,PF00153,22,1,-2.2471271148507204,58.21774983406067
PF00009,PF00153,52,1,-1.1785460218896737,47.45365810394287
PF00009,PF00153,82,1,-1.0334276090843018,48.00066781044006
PF00009,PF00153,112,1,-1.1340734513903488,48.78326964378357
PF00009,PF00153,142,1,-0.6974853116896219,49.457183599472046
PF00009,PF00153,172,1,-0.4375746589906217,49.84964561462402
PF00009,PF00153,202,0,0.07572843214791443,50.692025899887085
PF00009,PF00153,232,0,0.14864466158305456,51.183361768722534
PF00009,PF00271,12,1,-3.207933929896305,99.4575400352478
PF00009,PF00271,42,1,-2.4524259119278944,84.13207769393921
PF00009,PF00271,72,1,-1.8722190848046079,85.69853186607361
PF00009,PF00271,102,1,-1.907247974223386,87.71875882148743
PF00009,PF00271,132,1,-1.5524021161054888,90.0501401424408
PF00009,PF00271,162,1,-0.6987230545502375,91.40637040138245
PF00009,PF00271,192,1,-0.4561441201210299,93.25862789154053
PF00009,PF00271,222,0,0.42548297839979254,96.22944045066833
PF00009,PF00271,252,0,0.7710056668402192,98.56964445114136
PF00009,PF00271,32,1,-2.6994830217806713,104.23231840133667
PF00009,PF00271,62,1,-1.9874772240193945,86.13955497741699
PF00009,PF00271,92,1,-1.5536672420810747,86.5586678981781
PF00009,PF00271,122,1,-1.2587016790280572,87.24237823486328
PF00009,PF00271,152,1,-0.03319158076686584,89.49258589744568
PF00009,PF00271,182,1,-0.010003300636852298,91.50303816795349
PF00009,PF00271,212,0,0.4894471055269933,93.18737244606018
PF00009,PF00271,242,0,1.5296377639718712,93.95568490028381
PF00009,PF00271,272,0,1.7475369463161328,97.54039573669434
PF00009,PF00271,22,1,-2.4393220669663562,101.41016864776611
PF00009,PF00271,52,1,-2.0123307616861674,84.37960529327393
PF00009,PF00271,82,1,-2.2308721105957887,84.95098400115967
PF00009,PF00271,112,1,-1.8616797124989402,86.10782432556152
PF00009,PF00271,142,1,-1.7837353787914074,87.77392363548279
PF00009,PF00271,172,1,-1.3276406682476798,88.92128562927246
PF00009,PF00271,202,1,-0.5653195465931115,90.88033962249756
PF00009,PF00271,232,1,-0.42772548998963034,91.61317777633667
PF00009,PF00271,262,1,-0.461831372841732,93.91524028778076
PF00009,PF00397,12,1,-2.3520593272659487,48.49868083000183
PF00009,PF00397,42,1,-1.072207417273817,40.40646934509277
PF00009,PF00397,72,1,-0.38827413360103313,41.11074757575989
PF00009,PF00397,32,1,-1.0875439269758036,49.91351842880249
PF00009,PF00397,62,0,0.2846876926872028,42.739596128463745
PF00009,PF00397,22,1,-1.7155586123485873,83.82976007461548
PF00009,PF00397,52,1,-0.8391008299876517,70.5046284198761
PF00009,PF00512,12,1,-2.353584579738103,91.90978336334229
PF00009,PF00512,42,1,-2.2769435767978092,76.37972164154053
PF00009,PF00512,72,1,-1.371725623873819,78.25853610038757
PF00009,PF00512,102,1,-1.3348043242271523,80.30121111869812
PF00009,PF00512,132,1,-1.501489085586609,81.5598394870758
PF00009,PF00512,162,1,-0.9358590525962432,83.43658804893494
PF00009,PF00512,32,1,-2.163224626516947,91.08423590660095
PF00009,PF00512,62,1,-1.4114925863514598,77.79427337646484
PF00009,PF00512,92,1,-1.259329713306597,79.649729013443
PF00009,PF00512,122,1,-0.6566540272990835,81.76727533340454
PF00009,PF00512,152,0,0.1800620135819596,84.35597610473633
PF00009,PF00512,22,1,-2.7615643910038994,90.5575635433197
PF00009,PF00512,52,1,-1.950471336611038,75.69317030906677
PF00009,PF00512,82,1,-1.7093877175855279,76.97497844696045
PF00009,PF00512,112,1,-1.802156075825533,78.64926815032959
PF00009,PF00512,142,1,-1.4908964492919914,79.64297676086426
PF00009,PF00512,172,1,-1.2734842874103343,81.49246406555176
PF00009,PF00595,12,1,-2.9778006111615296,93.23816657066345
PF00009,PF00595,42,1,-2.200887002775178,77.29131174087524
PF00009,PF00595,72,1,-0.8403113207921908,79.54372334480286
PF00009,PF00595,102,1,-1.24010864268936,81.64533138275146
PF00009,PF00595,132,1,-0.9511396934701406,82.83856582641602
PF00009,PF00595,162,1,-0.050680773815818266,84.07292747497559
PF00009,PF00595,192,0,0.5541224539194051,86.50745749473572
PF00009,PF00595,32,1,-1.911514744014532,94.60963845252991
PF00009,PF00595,62,1,-1.1827978682359443,78.77181243896484
PF00009,PF00595,92,1,-0.8094451620198252,80.40167808532715
PF00009,PF00595,122,1,-0.22834420262524058,82.02187633514404
PF00009,PF00595,152,0,1.0440492742867467,84.1217873096466
PF00009,PF00595,182,0,1.0864266231936208,85.85885334014893
PF00009,PF00595,22,1,-2.8727131325888102,92.00725531578064
PF00009,PF00595,52,1,-1.8393256270767961,77.76950597763062
PF00009,PF00595,82,1,-1.5119681717592124,78.52435302734375
PF00009,PF00595,112,1,-1.1525462489260985,80.88409113883972
PF00009,PF00595,142,1,-0.6363173780043362,82.3991949558258
PF00009,PF00595,172,1,-0.49787228195011596,84.06182098388672
PF00009,PF00595,202,1,-0.04648356876280879,86.2947449684143
PF00009,PF02518,12,1,-4.040469629316237,104.17634510993958
PF00009,PF02518,42,1,-2.2244233025767275,84.96364998817444
PF00009,PF02518,72,1,-2.21283786818041,88.05429697036743
PF00009,PF02518,102,1,-1.9066858663215456,88.38819766044617
PF00009,PF02518,132,1,-1.7048178397659197,89.08048963546753
PF00009,PF02518,162,1,-1.3519300066474018,91.53960847854614
PF00009,PF02518,192,1,-1.0481847625504013,94.04191303253174
PF00009,PF02518,222,1,-0.12043348875841002,96.41927170753479
PF00009,PF02518,252,1,-0.19596669685160376,96.19675040245056
PF00009,PF02518,282,0,0.3524983560475343,98.5393135547638
PF00009,PF02518,32,1,-3.376115231301115,103.25581121444702
PF00009,PF02518,62,1,-1.8218916320135023,86.57741951942444
PF00009,PF02518,92,1,-1.7881516820670607,86.60272359848022
PF00009,PF02518,122,1,-1.6504913945096562,87.22465085983276
PF00009,PF02518,152,1,-0.5375759339928174,88.8446352481842
PF00009,PF02518,182,1,-0.31391455045127187,91.01109552383423
PF00009,PF02518,212,0,0.19636394109741498,91.58205389976501
PF00009,PF02518,242,0,1.2343700111129414,95.09984016418457
PF00009,PF02518,272,0,1.473768769732048,97.95044994354248
PF00009,PF02518,22,1,-2.380169290163604,102.18696880340576
PF00009,PF02518,52,1,-1.8396396079008854,84.92980480194092
PF00009,PF02518,82,1,-2.029377863780692,85.67465925216675
PF00009,PF02518,112,1,-2.5771888367565143,87.40285515785217
PF00009,PF02518,142,1,-1.405361166402958,88.61254382133484
PF00009,PF02518,172,1,-1.5434996480426724,91.0694510936737
PF00009,PF02518,202,1,-1.35917909110617,92.98247408866882
PF00009,PF02518,232,1,-1.2343778265052892,93.957603931427
PF00009,PF02518,262,1,-0.5899187096376347,95.1684820652008
PF00009,PF02518,292,1,-0.3677595920652414,95.681636095047
PF00009,PF07679,12,1,-3.1132031888018368,46.76340126991272
PF00009,PF07679,42,1,-2.378432624132594,38.97116684913635
PF00009,PF07679,72,1,-1.6815990846551272,39.739985704422
PF00009,PF07679,102,1,-1.6592659030329202,40.26114368438721
PF00009,PF07679,132,1,-1.2249109580635273,40.608736991882324
PF00009,PF07679,162,1,-0.47102349180297576,41.24915790557861
PF00009,PF07679,192,0,0.01830900173775308,41.89225673675537
PF00009,PF07679,222,0,0.35004046159994706,42.808066606521606
PF00009,PF07679,32,1,-2.1338632776932576,56.50807571411133
PF00009,PF07679,62,1,-1.6762303142523824,47.152589559555054
PF00009,PF07679,92,1,-0.7272913159932666,47.65411424636841
PF00009,PF07679,122,1,-1.0427489209762772,48.4765043258667
PF00009,PF07679,152,1,-0.21500928349171144,49.95496129989624
PF00009,PF07679,182,0,0.2652991516946703,50.87683415412903
PF00009,PF07679,212,0,0.8934494417289123,51.73508143424988
PF00009,PF07679,22,1,-2.2282617870314714,95.43466997146606
PF00009,PF07679,52,1,-2.054832645262688,80.00246596336365
PF00009,PF07679,82,1,-1.757374188104802,81.63127851486206
PF00009,PF07679,112,1,-1.7572956182507495,84.4135365486145
PF00009,PF07679,142,1,-1.3574575533623965,84.9004397392273
PF00009,PF07679,172,1,-1.1316253842408184,85.71462798118591
PF00009,PF07679,202,1,-0.2760228358534498,86.50956916809082
PF00011,PF00013,12,1,-3.743414527741413,52.77104687690735
PF00011,PF00013,42,1,-2.356958985583652,44.939717292785645
PF00011,PF00013,72,1,-1.6789205061975878,45.90640592575073
PF00011,PF00013,102,1,-1.271941746650423,47.93918442726135
PF00011,PF00013,132,1,-0.5609803661790788,50.13255167007446
PF00011,PF00013,162,1,-0.2294044088024336,51.70284628868103
PF00011,PF00013,32,1,-2.57613735022178,54.05296993255615
PF00011,PF00013,62,1,-1.1757558512251174,46.169864654541016
PF00011,PF00013,92,1,-0.8787846715826467,47.115145444869995
PF00011,PF00013,122,1,-0.22614353021092842,48.50288486480713
PF00011,PF00013,152,0,0.12756698873273709,50.52458429336548
PF00011,PF00013,22,1,-3.2372084654724165,53.445537090301514
PF00011,PF00013,52,1,-2.4258938316165257,45.14347958564758
PF00011,PF00013,82,1,-2.037288659743865,45.64577126502991
PF00011,PF00013,112,1,-1.3801830260272903,47.61638379096985
PF00011,PF00013,142,1,-1.1920769432284568,49.155163049697876
PF00011,PF00017,12,1,-2.6062707837046557,36.607003688812256
PF00011,PF00017,42,1,-1.7553962025778733,30.59882688522339
PF00011,PF00017,72,1,-1.3513969098039749,31.17200255393982
PF00011,PF00017,102,1,-0.7269250137035906,32.05816674232483
PF00011,PF00017,132,1,-0.2633428357720854,32.51648664474487
PF00011,PF00017,162,1,-0.05425399492791623,33.00416946411133
PF00011,PF00017,192,0,0.22626323586072328,33.64584469795227
PF00011,PF00017,32,1,-1.9975371059616767,36.30810284614563
PF00011,PF00017,62,1,-0.9406453521013812,30.580936431884766
PF00011,PF00017,92,1,-0.7714076688767437,31.246922492980957
PF00011,PF00017,122,0,0.30501202845796865,31.648351907730103
PF00011,PF00017,152,0,0.9606756046691238,32.43006658554077
PF00011,PF00017,182,0,1.4879224573875351,33.66004490852356
PF00011,PF00017,212,0,1.8142351116685986,35.064104318618774
PF00011,PF00017,22,1,-2.3595336708284496,61.00833535194397
PF00011,PF00017,52,1,-2.042702342537995,51.23642635345459
PF00011,PF00017,82,1,-1.7333888375909203,53.52119040489197
PF00011,PF00017,112,1,-1.4118330418419236,53.61854672431946
PF00011,PF00017,142,1,-0.6696076022120331,53.77413988113403
PF00011,PF00017,172,1,-0.2826385878011467,55.43301725387573
PF00011,PF00017,202,0,0.1798630819975317,57.60149836540222
PF00011,PF00018,12,1,-2.911198775597321,47.804033517837524
PF00011,PF00018,42,1,-2.3225167249449523,40.5031955242157
PF00011,PF00018,72,1,-1.7272721112769067,42.49402379989624
PF00011,PF00018,102,1,-1.0537715026987757,44.393861293792725
PF00011,PF00018,32,1,-2.266497474243297,48.45246934890747
PF00011,PF00018,62,1,-1.5491528051423045,40.85130572319031
PF00011,PF00018,92,1,-0.6193314427171523,43.0510733127594
PF00011,PF00018,122,0,0.04626723877177968,44.56900882720947
PF00011,PF00018,22,1,-3.1035895528158317,40.89565348625183
PF00011,PF00018,52,1,-2.210647561420225,34.41241002082825
PF00011,PF00018,82,1,-1.8380814952738123,35.43337345123291
PF00011,PF00018,112,1,-1.9373104800043062,36.137274503707886
PF00011,PF00041,12,1,-2.8788918077942376,61.21949505805969
PF00011,PF00041,42,1,-2.7613721802688946,51.459796667099
PF00011,PF00041,72,1,-2.540150477215939,52.27012610435486
PF00011,PF00041,102,1,-1.9569142840013392,52.93093681335449
PF00011,PF00041,132,1,-1.2017969652549982,54.12877154350281
PF00011,PF00041,162,1,-1.5128545425498243,55.957531213760376
PF00011,PF00041,192,1,-0.7096879375772165,58.85489201545715
PF00011,PF00041,32,1,-3.8003700039257162,59.689432859420776
PF00011,PF00041,62,1,-2.2414818422649083,50.33822321891785
PF00011,PF00041,92,1,-2.165181037892556,51.3086941242218
PF00011,PF00041,122,1,-1.7181385576996122,52.8195743560791
PF00011,PF00041,152,1,-1.008353958013421,54.775229692459106
PF00011,PF00041,182,1,-0.4064017371901341,56.61890983581543
PF00011,PF00041,212,0,0.12136592171403356,59.110196352005005
PF00011,PF00041,22,1,-2.7198922610444862,59.09875464439392
PF00011,PF00041,52,1,-2.743467700393812,49.77031493186951
PF00011,PF00041,82,1,-2.3275324064175194,51.099064111709595
PF00011,PF00041,112,1,-2.082626759788939,53.45981955528259
PF00011,PF00041,142,1,-1.7957683348212976,55.45676803588867
PF00011,PF00041,172,1,-1.7031032724895054,57.30290937423706
PF00011,PF00041,202,1,-1.3233538131361375,58.83829712867737
PF00011,PF00072,12,1,-2.783633854765312,75.1521966457367
PF00011,PF00072,42,1,-2.6223374680209095,63.730454206466675
PF00011,PF00072,72,1,-2.8707491765837587,63.66289949417114
PF00011,PF00072,102,1,-2.177251583350539,65.23998665809631
PF00011,PF00072,132,1,-1.9605578684551632,66.01166272163391
PF00011,PF00072,162,1,-1.4799896447532355,69.91400074958801
PF00011,PF00072,192,1,-0.8322599646514118,72.18120074272156
PF00011,PF00072,222,1,-0.2752572083212631,75.61852669715881
PF00011,PF00072,32,1,-2.864212107763216,77.48473453521729
PF00011,PF00072,62,1,-2.4856364433867473,65.10050797462463
PF00011,PF00072,92,1,-2.357568390958252,65.24889898300171
PF00011,PF00072,122,1,-1.8238347900857734,67.58924078941345
PF00011,PF00072,152,1,-1.3503863736721842,69.6518280506134
PF00011,PF00072,182,1,-0.37559363803239204,70.50565767288208
PF00011,PF00072,212,1,-0.0491078635968857,72.33048176765442
PF00011,PF00072,22,1,-2.5880707204453546,63.58849811553955
PF00011,PF00072,52,1,-2.495717890476338,53.976048707962036
PF00011,PF00072,82,1,-2.5877314460425738,53.98827600479126
PF00011,PF00072,112,1,-2.164642558855147,54.849364042282104
PF00011,PF00072,142,1,-2.2415248486905743,56.160242557525635
PF00011,PF00072,172,1,-2.068532880649829,57.78738784790039
PF00011,PF00072,202,1,-1.760162308187396,57.71619725227356
PF00011,PF00072,232,1,-1.4319732865071129,59.526145935058594
PF00011,PF00076,12,1,-2.9046059494920446,33.52554440498352
PF00011,PF00076,42,1,-2.5058446200793565,27.61782455444336
PF00011,PF00076,72,1,-1.6362150883725253,28.44318461418152
PF00011,PF00076,102,1,-1.5881799701688701,28.966222524642944
PF00011,PF00076,132,1,-1.147645487923822,29.521570444107056
PF00011,PF00076,162,1,-0.2150785827460349,31.15261197090149
PF00011,PF00076,32,1,-2.340017495382943,33.685327768325806
PF00011,PF00076,62,1,-1.775996137172595,27.340315341949463
PF00011,PF00076,92,1,-0.956138793155088,27.78878951072693
PF00011,PF00076,122,1,-0.2515596396863542,28.2653706073761
PF00011,PF00076,152,1,-0.07860552011224832,28.823209285736084
PF00011,PF00076,22,1,-2.5988664761904765,45.350724935531616
PF00011,PF00076,52,1,-2.472290427798077,37.327853202819824
PF00011,PF00076,82,1,-2.0389529455106543,38.261411905288696
PF00011,PF00076,112,1,-1.711367508130433,39.33673572540283
PF00011,PF00076,142,1,-1.146970341221998,40.695133686065674
PF00011,PF00096,12,1,-2.7667262457264985,44.7066650390625
PF00011,PF00096,42,1,-2.3129742352402096,35.907477140426636
PF00011,PF00096,32,1,-1.8773811306239747,46.21816563606262
PF00011,PF00096,62,1,-0.8568223572786432,36.06034183502197
PF00011,PF00096,22,1,-2.357013746657579,45.63032507896423
PF00011,PF00096,52,1,-1.892853025329176,36.846264123916626
PF00011,PF00153,12,1,-2.536485356715502,38.24397134780884
PF00011,PF00153,42,1,-2.1381563557953567,32.229976177215576
PF00011,PF00153,72,1,-1.409178656102704,33.092307806015015
PF00011,PF00153,102,1,-0.7966457256260624,33.823031187057495
PF00011,PF00153,132,1,-0.7616249465891933,34.80630397796631
PF00011,PF00153,162,1,-0.6224509287397634,35.29148507118225
PF00011,PF00153,192,0,0.1540382353550662,36.922322273254395
PF00011,PF00153,222,0,0.6639552455699763,37.91729235649109
PF00011,PF00153,32,1,-1.9701594761363974,64.34739184379578
PF00011,PF00153,62,1,-1.3350465816407002,54.65411162376404
PF00011,PF00153,92,1,-0.6909415018087118,57.328065395355225
PF00011,PF00153,122,1,-0.36217916820358714,58.55955123901367
PF00011,PF00153,152,0,0.2240059515395756,60.13702392578125
PF00011,PF00153,182,0,0.3088529202317125,61.56040072441101
PF00011,PF00153,212,0,0.7351417809783674,62.573391914367676
PF00011,PF00153,22,1,-2.2163222680252486,66.59021925926208
PF00011,PF00153,52,1,-2.2599505212468185,54.21560072898865
PF00011,PF00153,82,1,-1.5529999179389324,56.100945711135864
PF00011,PF00153,112,1,-1.438561056829696,56.73030233383179
PF00011,PF00153,142,1,-1.2362687445624345,56.94323706626892
PF00011,PF00153,172,1,-0.9966923596007138,58.976224422454834
PF00011,PF00153,202,1,-0.7888990439456737,59.7243971824646
PF00011,PF00153,232,1,-0.27677669282937245,61.92485761642456
PF00011,PF00271,12,1,-3.4324536001357573,69.986647605896
PF00011,PF00271,42,1,-2.6430993061051535,58.14544916152954
PF00011,PF00271,72,1,-2.7474440610193454,59.45024394989014
PF00011,PF00271,102,1,-2.102176912178542,60.592129707336426
PF00011,PF00271,132,1,-1.5981557884074071,61.623005867004395
PF00011,PF00271,162,1,-1.615928894045034,62.50623869895935
PF00011,PF00271,192,1,-0.26833484697103505,63.956758975982666
PF00011,PF00271,222,0,0.06153201500987813,66.92768955230713
PF00011,PF00271,32,1,-2.7608279742938855,68.35423421859741
PF00011,PF00271,62,1,-2.203674587290882,58.726893186569214
PF00011,PF00271,92,1,-1.583584302693014,59.782007694244385
PF00011,PF00271,122,1,-0.9397572234711664,63.694514989852905
PF00011,PF00271,152,1,-0.7034624617451711,63.66728115081787
PF00011,PF00271,182,1,-0.37229082558143234,63.264716386795044
PF00011,PF00271,212,0,0.11387651803398596,64.2985610961914
PF00011,PF00271,22,1,-2.8732612297425835,34.558051347732544
PF00011,PF00271,52,1,-2.4692985433460755,28.307472944259644
PF00011,PF00271,82,1,-2.4195494385941467,28.575038194656372
PF00011,PF00271,112,1,-2.329897677725581,29.070043802261353
PF00011,PF00271,142,1,-2.1905579486827156,29.472806930541992
PF00011,PF00271,172,1,-1.7320709587110492,30.338385343551636
PF00011,PF00271,202,1,-1.4282410714849016,30.403929710388184
PF00011,PF00271,232,1,-0.9901754764948351,31.601621627807617
PF00011,PF00397,12,1,-2.193189931939859,43.92283320426941
PF00011,PF00397,42,1,-2.0982954942723673,37.170166015625
PF00011,PF00397,72,1,-0.7551333789869139,38.101253509521484
PF00011,PF00397,32,1,-1.776517150336712,46.68522930145264
PF00011,PF00397,62,1,-0.34993183348020906,39.16053557395935
PF00011,PF00397,22,1,-2.2190412270000124,27.13698673248291
PF00011,PF00397,52,1,-1.8909670462089883,22.289636373519897
PF00011,PF00512,12,1,-3.6893862826570927,54.28842782974243
PF00011,PF00512,42,1,-2.330068845240347,46.32083034515381
PF00011,PF00512,72,1,-1.414339340408367,47.387675523757935
PF00011,PF00512,102,1,-1.5461613989457108,48.68095254898071
PF00011,PF00512,132,1,-1.265377649094176,50.00861215591431
PF00011,PF00512,162,1,-0.7517644400997963,53.260088205337524
PF00011,PF00512,32,1,-2.6108236567201297,54.98365020751953
PF00011,PF00512,62,1,-1.423468209473198,46.28857445716858
PF00011,PF00512,92,1,-1.480191816093185,46.715580224990845
PF00011,PF00512,122,1,-1.124667955852554,47.624687910079956
PF00011,PF00512,152,1,-0.7045545740226201,48.46497631072998
PF00011,PF00512,22,1,-2.8989308582210307,55.29127907752991
PF00011,PF00512,52,1,-2.4711647050642345,46.70758628845215
PF00011,PF00512,82,1,-2.1602249382120475,48.029027223587036
PF00011,PF00512,112,1,-2.2287689041059315,51.2169463634491
PF00011,PF00512,142,1,-2.095090271003755,51.47793412208557
PF00011,PF00512,172,1,-1.6728165940671833,53.039623498916626
PF00011,PF00595,12,1,-2.660358733920635,61.25912284851074
PF00011,PF00595,42,1,-2.541447642220678,50.67133402824402
PF00011,PF00595,72,1,-2.26678575289731,50.9333393573761
PF00011,PF00595,102,1,-1.3037692671311163,52.42376375198364
PF00011,PF00595,132,1,-1.4745861003724756,53.224358797073364
PF00011,PF00595,162,1,-0.2875829674487807,56.5938560962677
PF00011,PF00595,192,0,0.17553812641555516,57.41682767868042
PF00011,PF00595,32,1,-2.3689592761518394,57.58431029319763
PF00011,PF00595,62,1,-1.9452846028429498,48.590609312057495
PF00011,PF00595,92,1,-1.0289574718059677,51.4500572681427
PF00011,PF00595,122,1,-0.5418758792732475,53.31694006919861
PF00011,PF00595,152,0,0.3840950818999545,54.91955590248108
PF00011,PF00595,182,0,0.9146340575347769,55.19927215576172
PF00011,PF00595,22,1,-2.5592347068936654,35.06849646568298
PF00011,PF00595,52,1,-2.4861640847157886,29.219181299209595
PF00011,PF00595,82,1,-2.124541836949223,29.792153120040894
PF00011,PF00595,112,1,-1.624720969761619,29.988526582717896
PF00011,PF00595,142,1,-1.422272268889452,30.53944420814514
PF00011,PF00595,172,1,-0.9030740291882648,31.695982217788696
PF00011,PF00595,202,1,-0.8306423891406455,32.21254277229309
PF00011,PF02518,12,1,-3.3810767611491648,42.70884108543396
PF00011,PF02518,42,1,-2.542673529869764,35.80756115913391
PF00011,PF02518,72,1,-2.363999949607411,36.42865991592407
PF00011,PF02518,102,1,-2.2063607881472,36.6809868812561
PF00011,PF02518,132,1,-1.9913265759276213,37.196513175964355
PF00011,PF02518,162,1,-0.9576844389604969,38.07222652435303
PF00011,PF02518,192,1,-0.6720300166997538,39.510849475860596
PF00011,PF02518,222,1,-0.20337855111675046,40.98975229263306
PF00011,PF02518,32,1,-2.653625024556648,71.66456961631775
PF00011,PF02518,62,1,-2.287540115195502,61.965763568878174
PF00011,PF02518,92,1,-2.0395859476369727,62.4813871383667
PF00011,PF02518,122,1,-1.6896273835311433,64.10493230819702
PF00011,PF02518,152,1,-1.1705636185929755,64.64752864837646
PF00011,PF02518,182,1,-0.34342304043189814,66.15870070457458
PF00011,PF02518,212,0,0.11353413653437296,68.00673270225525
PF00011,PF02518,22,1,-3.049502755423943,69.4890661239624
PF00011,PF02518,52,1,-2.4748187003324387,58.685309648513794
PF00011,PF02518,82,1,-2.50554924787731,59.32726454734802
PF00011,PF02518,112,1,-2.402111587879907,60.67285966873169
PF00011,PF02518,142,1,-2.268961845158388,60.21791863441467
PF00011,PF02518,172,1,-1.8167835081257073,62.3602659702301
PF00011,PF02518,202,1,-1.6314730549304106,64.42566180229187
PF00011,PF02518,232,1,-1.4034547519362894,68.54972457885742
PF00011,PF07679,12,1,-2.7738627532503335,37.349661111831665
PF00011,PF07679,42,1,-2.7775772458001966,30.60578989982605
PF00011,PF07679,72,1,-2.33768585171689,31.108733415603638
PF00011,PF07679,102,1,-1.6418249951859525,31.775622844696045
PF00011,PF07679,132,1,-1.076023595598716,32.30441761016846
PF00011,PF07679,162,1,-0.8788168893239751,33.29729175567627
PF00011,PF07679,192,1,-0.41307488271956366,34.4597442150116
PF00011,PF07679,222,0,0.4966643258663276,35.29630994796753
PF00011,PF07679,32,1,-2.761053489925126,59.80237793922424
PF00011,PF07679,62,1,-1.7678066863515323,50.051674604415894
PF00011,PF07679,92,1,-1.437422623515649,51.55640196800232
PF00011,PF07679,122,1,-1.0132106681348445,51.7585813999176
PF00011,PF07679,152,1,-0.4862883364761794,54.42639684677124
PF00011,PF07679,182,1,-0.15350030066286113,55.3421516418457
PF00011,PF07679,212,0,0.5156552624939892,57.68821597099304
PF00011,PF07679,22,1,-2.5185055892482993,63.18960189819336
PF00011,PF07679,52,1,-2.589851019728685,51.774128675460815
PF00011,PF07679,82,1,-2.3499109516325967,52.576451539993286
PF00011,PF07679,112,1,-2.1381738045816867,54.063254833221436
PF00011,PF07679,142,1,-1.7337553790728268,55.940293312072754
PF00011,PF07679,172,1,-1.469421825995312,56.470505714416504
PF00011,PF07679,202,1,-1.3202286671628316,57.41219711303711
PF00013,PF00017,12,1,-2.5338895805250674,43.81865453720093
PF00013,PF00017,42,1,-2.1260393161437303,37.301220417022705
PF00013,PF00017,72,1,-1.3807936424044573,37.53713583946228
PF00013,PF00017,102,1,-0.18730887053074757,38.840529441833496
PF00013,PF00017,132,0,0.08226248440302804,40.32957935333252
PF00013,PF00017,162,0,1.127652830894653,41.294798135757446
PF00013,PF00017,32,1,-1.8261593760246735,52.45668268203735
PF00013,PF00017,62,1,-0.9504768050243392,44.401676416397095
PF00013,PF00017,92,1,-0.3569236721355175,45.186323404312134
PF00013,PF00017,122,0,0.9442395486320111,47.07903742790222
PF00013,PF00017,152,0,2.262167601605199,48.90463352203369
PF00013,PF00017,22,1,-2.2667777764095063,53.19610142707825
PF00013,PF00017,52,1,-2.031308850424011,44.37136912345886
PF00013,PF00017,82,1,-1.8028640554984119,45.34917902946472
PF00013,PF00017,112,1,-0.8886004684299845,47.5612006187439
PF00013,PF00017,142,1,-0.7195310570576786,47.18652963638306
PF00013,PF00018,12,1,-2.7985253591775514,42.38500380516052
PF00013,PF00018,42,1,-2.384107356082589,34.36467242240906
PF00013,PF00018,72,1,-1.1537816502525624,33.72519278526306
PF00013,PF00018,102,1,-0.4964162306874237,35.343467712402344
PF00013,PF00018,32,1,-3.010890335134511,41.57033133506775
PF00013,PF00018,62,1,-1.5164161425238027,33.426244497299194
PF00013,PF00018,92,0,0.6572415681564601,34.46619486808777
PF00013,PF00018,122,0,1.5177916708685564,35.761128425598145
PF00013,PF00018,22,1,-3.1036720968852474,40.835376262664795
PF00013,PF00018,52,1,-2.901890451860389,33.45157718658447
PF00013,PF00018,82,1,-1.726341038427463,34.27325677871704
PF00013,PF00018,112,1,-0.8270990334581532,35.234527587890625
PF00013,PF00041,12,1,-3.41420123566437,50.73003673553467
PF00013,PF00041,42,1,-3.322349445301311,42.89618635177612
PF00013,PF00041,72,1,-2.683733128538514,44.27119708061218
PF00013,PF00041,102,1,-2.212200283351928,46.06583762168884
PF00013,PF00041,132,1,-1.1866985444757892,48.82856726646423
PF00013,PF00041,162,1,-0.6300953674695272,50.6816508769989
PF00013,PF00041,32,1,-3.561452563668366,52.663442611694336
PF00013,PF00041,62,1,-2.423599334288758,44.05010509490967
PF00013,PF00041,92,1,-1.5377596469209596,45.42005252838135
PF00013,PF00041,122,1,-0.9737248570273914,46.384448289871216
PF00013,PF00041,152,1,-0.5912788238181498,47.096779108047485
PF00013,PF00041,22,1,-4.0847396057128735,26.01424527168274
PF00013,PF00041,52,1,-3.469147909318444,21.166706323623657
PF00013,PF00041,82,1,-3.030867036631425,21.57732391357422
PF00013,PF00041,112,1,-2.4571095134347702,22.02497100830078
PF00013,PF00041,142,1,-2.173391164164481,22.735650539398193
PF00013,PF00072,12,1,-3.024931665078821,40.013362884521484
PF00013,PF00072,42,1,-3.1185911108371887,33.76261854171753
PF00013,PF00072,72,1,-3.019964578863147,34.806742429733276
PF00013,PF00072,102,1,-2.534349564964188,35.63185000419617
PF00013,PF00072,132,1,-2.084428099731948,35.311928510665894
PF00013,PF00072,162,1,-1.732193868880859,36.79968595504761
PF00013,PF00072,32,1,-2.821110173868698,69.10025906562805
PF00013,PF00072,62,1,-2.822116766995188,59.49206185340881
PF00013,PF00072,92,1,-2.02979981356029,60.27560877799988
PF00013,PF00072,122,1,-1.2067989623663582,60.31436514854431
PF00013,PF00072,152,1,-0.9546353142552986,62.76368165016174
PF00013,PF00072,22,1,-3.823353938118192,68.5993082523346
PF00013,PF00072,52,1,-3.1709034830512692,57.310871601104736
PF00013,PF00072,82,1,-3.053884034794257,58.98030352592468
PF00013,PF00072,112,1,-2.826827077408335,60.05553436279297
PF00013,PF00072,142,1,-2.2047234498183452,61.55848217010498
PF00013,PF00076,12,1,-2.9680729160302572,27.768746376037598
PF00013,PF00076,42,1,-2.7400161859525523,22.34381365776062
PF00013,PF00076,72,1,-1.9134111889577026,22.978009939193726
PF00013,PF00076,102,1,-0.9368371046880024,23.925607204437256
PF00013,PF00076,132,1,-0.1575409969232513,24.60515832901001
PF00013,PF00076,162,1,-0.38808212660988806,25.379390716552734
PF00013,PF00076,32,1,-2.769258344023696,48.06686544418335
PF00013,PF00076,62,1,-1.1788255937822443,39.27515268325806
PF00013,PF00076,92,1,-0.5272616948185636,41.551880836486816
PF00013,PF00076,122,0,0.35700566872687506,42.65859031677246
PF00013,PF00076,152,0,0.7616188838582221,42.96796655654907
PF00013,PF00076,22,1,-2.8729777421051463,45.85445737838745
PF00013,PF00076,52,1,-2.6285768022761373,38.00806212425232
PF00013,PF00076,82,1,-1.9111274051981464,38.56498312950134
PF00013,PF00076,112,1,-1.465562097126098,39.4126992225647
PF00013,PF00076,142,1,-0.9063472620064642,40.572322845458984
PF00013,PF00096,12,1,-2.7627351951606847,29.952418327331543
PF00013,PF00096,42,1,-1.8136620209385443,22.96937847137451
PF00013,PF00096,32,1,-2.266191848456811,17.90269112586975
PF00013,PF00096,62,1,-0.5291675931625618,13.015231609344482
PF00013,PF00096,22,1,-2.6216411200612355,38.0490345954895
PF00013,PF00096,52,1,-1.8736725372888023,29.493312120437622
PF00013,PF00153,12,1,-2.3056817645561085,59.19083309173584
PF00013,PF00153,42,1,-1.983148760220805,48.95290517807007
PF00013,PF00153,72,1,-1.0435588875143926,49.97910022735596
PF00013,PF00153,102,1,-0.9807271639974174,51.775883436203
PF00013,PF00153,132,1,-0.18719569736773947,52.95955038070679
PF00013,PF00153,162,0,0.08141605996148583,55.007986307144165
PF00013,PF00153,32,1,-1.876579393647857,57.89212965965271
PF00013,PF00153,62,1,-1.4371510853672511,49.00425338745117
PF00013,PF00153,92,1,-0.44573859585714315,50.05201816558838
PF00013,PF00153,122,0,0.45489888262466766,51.494802951812744
PF00013,PF00153,152,0,0.645145853129697,52.706949949264526
PF00013,PF00153,22,1,-3.179595659843692,56.321659088134766
PF00013,PF00153,52,1,-2.109421166338288,48.515984296798706
PF00013,PF00153,82,1,-1.64296404689524,48.57816958427429
PF00013,PF00153,112,1,-0.9874311636493747,49.291218519210815
PF00013,PF00153,142,1,-1.2400900315421666,50.87267732620239
PF00013,PF00271,12,1,-3.2888599420483673,62.25686955451965
PF00013,PF00271,42,1,-2.9799787376903164,52.31876587867737
PF00013,PF00271,72,1,-2.3486848199888506,52.77938985824585
PF00013,PF00271,102,1,-1.9785035027660847,55.479090452194214
PF00013,PF00271,132,1,-1.5252220363601454,57.76397156715393
PF00013,PF00271,162,1,-1.0124163462154576,59.3951358795166
PF00013,PF00271,32,1,-2.634122452931367,61.94361662864685
PF00013,PF00271,62,1,-1.89927872666044,52.38197135925293
PF00013,PF00271,92,1,-1.5609004308713552,54.93727445602417
PF00013,PF00271,122,1,-1.0581778472978713,56.10137677192688
PF00013,PF00271,152,1,-0.28443002844089865,57.20863461494446
PF00013,PF00271,22,1,-3.3103659113541513,30.215070486068726
PF00013,PF00271,52,1,-3.1624708421767402,24.951128005981445
PF00013,PF00271,82,1,-2.7376427752691828,25.249656200408936
PF00013,PF00271,112,1,-2.5285852339840753,25.84461808204651
PF00013,PF00271,142,1,-2.0509996142129476,26.426212310791016
PF00013,PF00397,12,1,-1.841910476946926,36.30115985870361
PF00013,PF00397,42,1,-1.5339036388281455,29.1579270362854
PF00013,PF00397,72,1,-0.5049269446220651,30.40122961997986
PF00013,PF00397,32,1,-1.5843649701840998,38.20629262924194
PF00013,PF00397,62,1,-0.3536338134241469,29.545296907424927
PF00013,PF00397,22,1,-2.3920233146768903,36.355074644088745
PF00013,PF00397,52,1,-1.4138497785004314,29.765554904937744
PF00013,PF00512,12,1,-3.2056519476608134,30.468071699142456
PF00013,PF00512,42,1,-2.6140490157197065,24.946518421173096
PF00013,PF00512,72,1,-1.6307129408120258,25.55746078491211
PF00013,PF00512,102,1,-1.7359787161984104,26.17955732345581
PF00013,PF00512,132,1,-0.5967650946877825,26.723657846450806
PF00013,PF00512,162,1,-0.5035842399837563,27.87163257598877
PF00013,PF00512,32,1,-2.402260693373847,40.787588357925415
PF00013,PF00512,62,1,-1.6504879133220902,33.4610071182251
PF00013,PF00512,92,1,-0.6796309946874582,34.03632116317749
PF00013,PF00512,122,1,-0.7426488946956111,34.064884185791016
PF00013,PF00512,152,0,0.42274274001913714,35.469870805740356
PF00013,PF00512,22,1,-3.1332242192862254,50.46496343612671
PF00013,PF00512,52,1,-2.7215375094594174,40.45830750465393
PF00013,PF00512,82,1,-2.3020808282912393,40.81777477264404
PF00013,PF00512,112,1,-1.9964786748488368,41.47916626930237
PF00013,PF00512,142,1,-1.6942497701110242,42.21713972091675
PF00013,PF00595,12,1,-3.016313640251831,52.826831579208374
PF00013,PF00595,42,1,-2.5318517114240264,45.27343487739563
PF00013,PF00595,72,1,-2.035102968391705,45.01519155502319
PF00013,PF00595,102,1,-0.7514181651821927,45.08120083808899
PF00013,PF00595,132,1,-0.3843672061152979,46.350528717041016
PF00013,PF00595,162,0,0.8233066505074198,48.792505979537964
PF00013,PF00595,32,1,-2.8162558320141042,31.790855646133423
PF00013,PF00595,62,1,-1.6224073473034777,25.80398654937744
PF00013,PF00595,92,1,-0.3625599877722294,26.34610652923584
PF00013,PF00595,122,0,0.2870740379050658,27.33288860321045
PF00013,PF00595,152,0,1.3019218712432206,27.81997561454773
PF00013,PF00595,22,1,-3.0526211296027497,43.59118294715881
PF00013,PF00595,52,1,-2.8360924394641556,36.33929920196533
PF00013,PF00595,82,1,-2.3083479423133832,36.77695345878601
PF00013,PF00595,112,1,-2.0853731164005067,36.46930956840515
PF00013,PF00595,142,1,-0.8572141241382948,37.919726610183716
PF00013,PF02518,12,1,-3.1941503029345184,64.13314485549927
PF00013,PF02518,42,1,-2.8931639495767403,53.957831144332886
PF00013,PF02518,72,1,-3.080896150423742,55.496816635131836
PF00013,PF02518,102,1,-2.3577305073506403,58.27174091339111
PF00013,PF02518,132,1,-1.3139331183702643,59.042264461517334
PF00013,PF02518,162,1,-1.242251177104925,59.99200463294983
PF00013,PF02518,32,1,-3.385757890736029,65.43259525299072
PF00013,PF02518,62,1,-2.663803587508234,54.63693428039551
PF00013,PF02518,92,1,-2.1245265689111505,56.591222047805786
PF00013,PF02518,122,1,-1.1324183367056269,57.446467876434326
PF00013,PF02518,152,1,-0.2294272944408032,59.638439416885376
PF00013,PF02518,22,1,-4.027734737469285,65.12964034080505
PF00013,PF02518,52,1,-2.9106363709047587,54.22416377067566
PF00013,PF02518,82,1,-2.6964409661266995,55.38554787635803
PF00013,PF02518,112,1,-2.668316637695559,56.34493970870972
PF00013,PF02518,142,1,-2.2004006251594928,57.16190028190613
PF00013,PF07679,12,1,-3.5852838717683237,55.874062299728394
PF00013,PF07679,42,1,-2.9548863258261098,45.96872115135193
PF00013,PF07679,72,1,-2.352921662785499,47.18335461616516
PF00013,PF07679,102,1,-1.6461518334387994,47.67210030555725
PF00013,PF07679,132,1,-1.266767314553222,49.31060552597046
PF00013,PF07679,162,1,-0.5068460021778003,50.53231406211853
PF00013,PF07679,32,1,-2.948363018821343,54.06877017021179
PF00013,PF07679,62,1,-1.686722602967869,45.26124620437622
PF00013,PF07679,92,1,-0.9932298432547924,45.96736264228821
PF00013,PF07679,122,1,-0.5478024940920783,47.90707492828369
PF00013,PF07679,152,1,-0.11331977641058152,48.06829071044922
PF00013,PF07679,22,1,-3.2762621117573367,54.726218938827515
PF00013,PF07679,52,1,-3.0732802922689677,45.20502305030823
PF00013,PF07679,82,1,-2.4269076885697447,45.67296266555786
PF00013,PF07679,112,1,-1.9692987110343583,47.46845459938049
PF00013,PF07679,142,1,-1.633799682461409,48.049686670303345
PF00017,PF00018,12,1,-2.991765668277386,45.82756996154785
PF00017,PF00018,42,1,-1.9949992013331996,37.71007323265076
PF00017,PF00018,72,1,-1.2557667178635132,38.809630155563354
PF00017,PF00018,102,1,-0.6104826838562689,40.545754194259644
PF00017,PF00018,32,1,-1.954496308198166,46.50567984580994
PF00017,PF00018,62,1,-0.7315060217792246,38.045644760131836
PF00017,PF00018,92,0,0.055789301058974804,40.005624294281006
PF00017,PF00018,122,0,2.1145202609263767,40.763513803482056
PF00017,PF00018,22,1,-2.322706906946264,48.58915948867798
PF00017,PF00018,52,1,-1.8483098936898266,38.6105055809021
PF00017,PF00018,82,1,-1.0592142595411822,39.54230618476868
PF00017,PF00018,112,0,0.26958872516465787,40.921658515930176
PF00017,PF00041,12,1,-2.6013056429479176,60.639533042907715
PF00017,PF00041,42,1,-2.4473906040556286,50.23495626449585
PF00017,PF00041,72,1,-1.929725383158286,50.790268421173096
PF00017,PF00041,102,1,-1.072284914229156,51.61274766921997
PF00017,PF00041,132,1,-0.7157106665738745,52.59467363357544
PF00017,PF00041,162,1,-0.6026656948976751,53.77477025985718
PF00017,PF00041,192,0,0.5352791539660008,54.96280884742737
PF00017,PF00041,32,1,-3.369512479458045,59.03382968902588
PF00017,PF00041,62,1,-2.0521999091353917,49.4822564125061
PF00017,PF00041,92,1,-1.0111564216343607,50.90553379058838
PF00017,PF00041,122,0,0.1603052147051208,51.84231734275818
PF00017,PF00041,152,0,0.7368954294902264,53.247809410095215
PF00017,PF00041,182,0,1.537131922751066,55.38485884666443
PF00017,PF00041,212,0,1.2248382324306684,56.815667152404785
PF00017,PF00041,22,1,-2.549681914153783,34.26404356956482
PF00017,PF00041,52,1,-2.142975960512352,28.203084230422974
PF00017,PF00041,82,1,-2.2270759182307116,28.756370306015015
PF00017,PF00041,112,1,-1.5356643349143468,29.153170824050903
PF00017,PF00041,142,1,-1.3543537856487087,29.669264793395996
PF00017,PF00041,172,1,-1.109440551664128,30.77575182914734
PF00017,PF00041,202,1,-0.5780195631399442,31.84984254837036
PF00017,PF00072,12,1,-2.371196893341624,41.80389475822449
PF00017,PF00072,42,1,-1.8922204783487002,35.21278476715088
PF00017,PF00072,72,1,-1.7965855316088948,35.83650255203247
PF00017,PF00072,102,1,-1.783161018271569,37.1387722492218
PF00017,PF00072,132,1,-1.3467839246042834,38.000328540802
PF00017,PF00072,162,1,-0.8919507452749466,39.18104267120361
PF00017,PF00072,192,1,-0.2958751681346155,40.05259728431702
PF00017,PF00072,32,1,-1.9750667600664995,75.10817003250122
PF00017,PF00072,62,1,-1.4855261830689295,62.94557738304138
PF00017,PF00072,92,1,-1.5157831168137421,64.18586683273315
PF00017,PF00072,122,1,-1.2963920576951764,65.1193573474884
PF00017,PF00072,152,1,-0.24511164713795536,66.34412980079651
PF00017,PF00072,182,0,0.552215345646887,67.74562811851501
PF00017,PF00072,212,0,1.1585554887390601,70.31513047218323
PF00017,PF00072,22,1,-3.422679725102733,73.04086494445801
PF00017,PF00072,52,1,-2.327795036222375,61.75774335861206
PF00017,PF00072,82,1,-2.1517403099540737,63.9395170211792
PF00017,PF00072,112,1,-1.8678765304968326,64.5624897480011
PF00017,PF00072,142,1,-1.2180405831256524,64.1206214427948
PF00017,PF00072,172,1,-1.3185548297237084,65.43072199821472
PF00017,PF00072,202,1,-0.42542197516813546,67.72724270820618
PF00017,PF00076,12,1,-2.7471462738414703,52.173293590545654
PF00017,PF00076,42,1,-1.8520061905390457,43.30201244354248
PF00017,PF00076,72,1,-0.873055447796872,44.62744855880737
PF00017,PF00076,102,1,-0.4255644609020871,45.64920926094055
PF00017,PF00076,132,1,-0.03692464445723355,47.387807846069336
PF00017,PF00076,162,0,1.2411519382315974,49.17480826377869
PF00017,PF00076,32,1,-1.9892350380145123,52.48324751853943
PF00017,PF00076,62,1,-1.1157114443584992,43.59864401817322
PF00017,PF00076,92,0,0.25614076282695114,44.920679569244385
PF00017,PF00076,122,0,0.8986539155837385,46.159143924713135
PF00017,PF00076,152,0,1.3809789549528724,46.693198442459106
PF00017,PF00076,22,1,-2.0294679411517786,51.05085206031799
PF00017,PF00076,52,1,-1.887436254666202,43.011123180389404
PF00017,PF00076,82,1,-1.251470263564145,43.69338655471802
PF00017,PF00076,112,1,-1.2007116015358765,46.1391441822052
PF00017,PF00076,142,1,-0.08995465882422563,46.57554626464844
PF00017,PF00096,12,1,-1.7169941706670506,21.000406503677368
PF00017,PF00096,42,1,-1.889170158216456,15.83266544342041
PF00017,PF00096,32,1,-1.2301098229745204,45.3613965511322
PF00017,PF00096,62,1,-0.26441215988053746,34.64926338195801
PF00017,PF00096,22,1,-2.2918566437392665,25.808375597000122
PF00017,PF00096,52,1,-1.3791821622241507,19.16750717163086
PF00017,PF00153,12,1,-1.8787857880372574,60.858649492263794
PF00017,PF00153,42,1,-1.923604713763745,51.74282383918762
PF00017,PF00153,72,1,-0.957022961475039,53.381049394607544
PF00017,PF00153,102,1,-0.2965171976048363,53.423449993133545
PF00017,PF00153,132,0,0.12047161239961174,54.42943501472473
PF00017,PF00153,162,0,0.4648294910457794,56.505428314208984
PF00017,PF00153,192,0,0.7905830522381762,59.57664752006531
PF00017,PF00153,32,1,-1.5364822638179645,60.096394538879395
PF00017,PF00153,62,1,-0.8450791280711579,52.22021269798279
PF00017,PF00153,92,0,0.12067975073535206,53.659796714782715
PF00017,PF00153,122,0,0.40853087504154406,54.71948528289795
PF00017,PF00153,152,0,1.0004719952989054,56.031843185424805
PF00017,PF00153,182,0,2.204117464498815,57.748632192611694
PF00017,PF00153,212,0,2.2476409131894446,59.90555715560913
PF00017,PF00153,22,1,-2.101100193967343,62.76625370979309
PF00017,PF00153,52,1,-1.6206019435167085,52.16508197784424
PF00017,PF00153,82,1,-1.1057832986055716,53.903831481933594
PF00017,PF00153,112,1,-0.7039665183432541,55.198054790496826
PF00017,PF00153,142,1,-0.35691223539722294,56.17192792892456
PF00017,PF00153,172,0,0.13885075625716975,57.89150309562683
PF00017,PF00153,202,0,0.41566918673898423,59.19395112991333
PF00017,PF00271,12,1,-2.949493491046754,40.52222037315369
PF00017,PF00271,42,1,-2.1090667641987815,34.0291006565094
PF00017,PF00271,72,1,-1.7261584907941523,34.75182056427002
PF00017,PF00271,102,1,-1.3582794315804334,35.14730668067932
PF00017,PF00271,132,1,-0.998300609874831,34.633726596832275
PF00017,PF00271,162,1,-0.551511535306708,35.33386158943176
PF00017,PF00271,192,0,0.12647596589253066,36.50379753112793
PF00017,PF00271,32,1,-2.206533639831629,33.07777810096741
PF00017,PF00271,62,1,-1.769419794197111,27.395094394683838
PF00017,PF00271,92,1,-0.8552704669596057,27.829778909683228
PF00017,PF00271,122,1,-0.5417261891681256,28.374132871627808
PF00017,PF00271,152,0,0.20777817308991559,28.90236735343933
PF00017,PF00271,182,0,0.8295740313237231,29.593822956085205
PF00017,PF00271,212,0,0.9312234002679055,30.624787092208862
PF00017,PF00271,22,1,-2.4745414484165718,69.5105619430542
PF00017,PF00271,52,1,-2.419257937535593,57.970081090927124
PF00017,PF00271,82,1,-2.2205034629412443,58.476887464523315
PF00017,PF00271,112,1,-2.1241688028322137,58.96989178657532
PF00017,PF00271,142,1,-1.0903210641499044,59.7489595413208
PF00017,PF00271,172,1,-0.6346220689115225,61.941720724105835
PF00017,PF00271,202,1,-0.17804395707925794,62.98981022834778
PF00017,PF00397,12,1,-1.9608564771781194,42.014750242233276
PF00017,PF00397,42,1,-0.6560448728809833,35.23178768157959
PF00017,PF00397,72,0,0.16629546856020605,36.05586099624634
PF00017,PF00397,32,1,-1.1637758533939333,35.72306227684021
PF00017,PF00397,62,0,0.1315488003359839,28.983784198760986
PF00017,PF00397,22,1,-1.9966577990637766,25.096144437789917
PF00017,PF00397,52,1,-0.8474567832144613,19.77424931526184
PF00017,PF00512,12,1,-2.6932491540747723,44.123404026031494
PF00017,PF00512,42,1,-1.8368105774132504,37.38355588912964
PF00017,PF00512,72,1,-1.4759199600889092,38.07556891441345
PF00017,PF00512,102,1,-0.9617079574952168,39.190552949905396
PF00017,PF00512,132,1,-0.4928246912589567,39.500290393829346
PF00017,PF00512,162,0,0.21853271996465867,41.54158282279968
PF00017,PF00512,32,1,-1.9660401748035046,54.73324680328369
PF00017,PF00512,62,1,-0.629313235596973,46.24943518638611
PF00017,PF00512,92,1,-0.9117651953881968,45.77349376678467
PF00017,PF00512,122,1,-0.10544901833024825,46.78718066215515
PF00017,PF00512,152,0,0.6434437037343173,47.76228904724121
PF00017,PF00512,22,1,-2.122011916826044,52.141273975372314
PF00017,PF00512,52,1,-2.195759817230523,43.20482063293457
PF00017,PF00512,82,1,-1.5423703732848382,44.0839946269989
PF00017,PF00512,112,1,-0.7833858343258872,45.524253845214844
PF00017,PF00512,142,1,-0.6407561322057482,46.386258125305176
PF00017,PF00512,172,1,-0.8564261963104165,46.72683382034302
PF00017,PF00595,12,1,-2.325260062288309,54.09845566749573
PF00017,PF00595,42,1,-2.0727051774727654,45.74941921234131
PF00017,PF00595,72,1,-1.3824340661032006,46.62853503227234
PF00017,PF00595,102,1,-0.5187759243589176,47.892621994018555
PF00017,PF00595,132,1,-0.25953765070768803,48.69208097457886
PF00017,PF00595,162,0,1.0542681488107393,51.394752502441406
PF00017,PF00595,192,0,1.4978183000256962,53.36854267120361
PF00017,PF00595,32,1,-1.62280179434288,55.02840328216553
PF00017,PF00595,62,1,-0.8487931022956017,46.358678102493286
PF00017,PF00595,92,1,-0.3437748967836011,47.069997787475586
PF00017,PF00595,122,0,1.2335691884655342,49.12610840797424
PF00017,PF00595,152,0,2.354153375932648,50.79178047180176
PF00017,PF00595,182,0,2.550601134033798,52.70161056518555
PF00017,PF00595,22,1,-2.1802278024904678,58.35592460632324
PF00017,PF00595,52,1,-2.037536368884065,49.22192192077637
PF00017,PF00595,82,1,-1.3141664025260889,49.325647830963135
PF00017,PF00595,112,1,-1.1864012197843063,50.325778007507324
PF00017,PF00595,142,1,-0.3935111466901883,51.6389684677124
PF00017,PF00595,172,0,0.34856620689842815,51.38540077209473
PF00017,PF00595,202,0,0.5337019891376257,52.68711495399475
PF00017,PF02518,12,1,-2.282761883038835,71.37647676467896
PF00017,PF02518,42,1,-2.2803092727715955,59.580549001693726
PF00017,PF02518,72,1,-1.9971870672265066,61.86549139022827
PF00017,PF02518,102,1,-1.7592257968139409,63.1533477306366
PF00017,PF02518,132,1,-1.1866478982990945,63.15714764595032
PF00017,PF02518,162,1,-0.7542093462736515,64.56183695793152
PF00017,PF02518,192,1,-0.06684219732480318,66.80007290840149
PF00017,PF02518,32,1,-1.958316045712836,68.8960771560669
PF00017,PF02518,62,1,-1.7129522633762164,57.94834923744202
PF00017,PF02518,92,1,-1.5096629810638387,58.981383085250854
PF00017,PF02518,122,1,-1.122897020036239,60.46725678443909
PF00017,PF02518,152,1,-0.305045666475653,61.99984312057495
PF00017,PF02518,182,0,0.6976064037235887,64.9343695640564
PF00017,PF02518,212,0,1.687894345937542,67.26619076728821
PF00017,PF02518,22,1,-2.368730712524297,69.84088063240051
PF00017,PF02518,52,1,-2.2417150744548815,58.82812142372131
PF00017,PF02518,82,1,-2.0878649541961405,59.48748850822449
PF00017,PF02518,112,1,-2.454527815283189,60.15926647186279
PF00017,PF02518,142,1,-1.2859705537982509,61.216670989990234
PF00017,PF02518,172,1,-0.7202188985743322,63.39405941963196
PF00017,PF02518,202,1,-0.22169954138503817,65.02239513397217
PF00017,PF07679,12,1,-2.3764320407711894,57.910213470458984
PF00017,PF07679,42,1,-2.235092805546278,48.094624042510986
PF00017,PF07679,72,1,-2.0422575535594536,49.482972145080566
PF00017,PF07679,102,1,-0.9142717744880412,51.28043866157532
PF00017,PF07679,132,1,-0.4954564724261857,52.416301250457764
PF00017,PF07679,162,0,0.326488588135916,53.99891448020935
PF00017,PF07679,192,0,0.847995252376192,57.0785448551178
PF00017,PF07679,32,1,-2.1885525926864973,60.49117994308472
PF00017,PF07679,62,1,-1.7590633291104611,50.133464097976685
PF00017,PF07679,92,1,-1.0079588302846643,51.044233560562134
PF00017,PF07679,122,1,-0.4230685732836162,52.07581281661987
PF00017,PF07679,152,0,0.9688529632306353,53.08151888847351
PF00017,PF07679,182,0,1.1725737945265575,55.73375916481018
PF00017,PF07679,212,0,2.670436795304725,57.70396161079407
PF00017,PF07679,22,1,-2.826222055104106,35.33297061920166
PF00017,PF07679,52,1,-2.0431490873790232,28.91272497177124
PF00017,PF07679,82,1,-1.6204667835182316,29.57496428489685
PF00017,PF07679,112,1,-1.3829912064184426,29.60154151916504
PF00017,PF07679,142,1,-0.8877305424972551,30.657885551452637
PF00017,PF07679,172,1,-0.43403854526482283,31.174182415008545
PF00017,PF07679,202,1,-0.16999259154331114,32.050578117370605
PF00018,PF00041,12,1,-3.813084046391392,49.079856872558594
PF00018,PF00041,42,1,-3.58315508703706,40.08613181114197
PF00018,PF00041,72,1,-3.263199290608445,42.195579528808594
PF00018,PF00041,102,1,-1.602704247958281,42.961674451828
PF00018,PF00041,32,1,-3.632189861960363,41.2847638130188
PF00018,PF00041,62,1,-2.723567307088556,34.34055995941162
PF00018,PF00041,92,1,-1.7196656855713213,35.17471146583557
PF00018,PF00041,122,1,-0.7762352544540938,35.94145584106445
PF00018,PF00041,22,1,-4.15718437577293,51.5178108215332
PF00018,PF00041,52,1,-2.9051759350998703,41.59088754653931
PF00018,PF00041,82,1,-2.489873418289949,42.5662784576416
PF00018,PF00041,112,1,-1.941300445194949,42.7812225818634
PF00018,PF00072,12,1,-3.5562505562343536,38.161826610565186
PF00018,PF00072,42,1,-2.9988657648824373,31.8438937664032
PF00018,PF00072,72,1,-3.0597123846417293,32.451326847076416
PF00018,PF00072,102,1,-1.6827329240562323,33.675071001052856
PF00018,PF00072,32,1,-3.6086713578225385,66.09422588348389
PF00018,PF00072,62,1,-2.563974541520741,56.08157801628113
PF00018,PF00072,92,1,-1.6418682265222746,56.62839198112488
PF00018,PF00072,122,1,-1.5914067651035575,57.820669174194336
PF00018,PF00072,22,1,-3.420031407923829,66.25969004631042
PF00018,PF00072,52,1,-3.204148706997366,55.07967281341553
PF00018,PF00072,82,1,-2.9462337305514197,56.41507339477539
PF00018,PF00072,112,1,-2.286649688171222,58.41266965866089
PF00018,PF00076,12,1,-2.823006429895702,41.74718260765076
PF00018,PF00076,42,1,-1.7795091462662698,34.34221649169922
PF00018,PF00076,72,1,-1.5677760187718284,35.01604151725769
PF00018,PF00076,102,1,-0.8709305643707616,36.42512607574463
PF00018,PF00076,32,1,-2.507917390606068,42.46776819229126
PF00018,PF00076,62,1,-1.5044920807036166,34.75542736053467
PF00018,PF00076,92,1,-0.3204561572036144,36.40414094924927
PF00018,PF00076,122,0,0.891623009107807,37.70194697380066
PF00018,PF00076,22,1,-2.7500885622945277,45.58797287940979
PF00018,PF00076,52,1,-2.458663142137298,36.7413535118103
PF00018,PF00076,82,1,-1.9394341133495685,37.15861630439758
PF00018,PF00076,112,1,-1.2461002150693836,38.42059779167175
PF00018,PF00096,12,1,-2.974316819035445,32.989028215408325
PF00018,PF00096,42,1,-1.373328759348531,23.665293216705322
PF00018,PF00096,32,1,-1.9138958120309126,33.01827669143677
PF00018,PF00096,62,1,-0.3887943560243979,23.59994602203369
PF00018,PF00096,22,1,-2.531308811866066,32.895334243774414
PF00018,PF00096,52,1,-1.8490320909685036,23.767544269561768
PF00018,PF00153,12,1,-3.3210988163838993,31.33867645263672
PF00018,PF00153,42,1,-2.0459164371099785,26.239145040512085
PF00018,PF00153,72,1,-1.5336272445162387,26.87187623977661
PF00018,PF00153,102,1,-0.5633500808139715,27.642372608184814
PF00018,PF00153,32,1,-2.3727416918201993,53.26735281944275
PF00018,PF00153,62,1,-1.0958489272295484,45.28172206878662
PF00018,PF00153,92,1,-0.25118526437450495,47.93584179878235
PF00018,PF00153,122,0,0.34446081578046345,48.88583064079285
PF00018,PF00153,22,1,-1.9921049482202837,52.94641065597534
PF00018,PF00153,52,1,-1.8928823748738244,44.7982542514801
PF00018,PF00153,82,1,-1.0876925823704213,46.32378077507019
PF00018,PF00153,112,1,-0.9715406593276159,47.405293703079224
PF00018,PF00271,12,1,-3.233538432872218,57.291709661483765
PF00018,PF00271,42,1,-3.12146798718574,48.568528175354004
PF00018,PF00271,72,1,-2.329961213138029,49.86858320236206
PF00018,PF00271,102,1,-1.881957745169259,51.81906175613403
PF00018,PF00271,32,1,-2.492018397285905,29.262704133987427
PF00018,PF00271,62,1,-1.9438240093001096,24.38727903366089
PF00018,PF00271,92,1,-1.3482999209162299,24.89975142478943
PF00018,PF00271,122,1,-0.4947548178602701,25.313076734542847
PF00018,PF00271,22,1,-3.336179860106403,59.4104106426239
PF00018,PF00271,52,1,-2.688098698403015,49.98920226097107
PF00018,PF00271,82,1,-2.655447117840402,50.75847339630127
PF00018,PF00271,112,1,-1.9773484085890505,52.2311909198761
PF00018,PF00397,12,1,-1.9650720965902815,32.575663566589355
PF00018,PF00397,42,1,-1.1149706999213904,25.05808448791504
PF00018,PF00397,72,1,-0.2953722736530462,25.681112051010132
PF00018,PF00397,32,1,-1.7352586904777267,32.05984282493591
PF00018,PF00397,62,0,0.6102036535778269,25.33293581008911
PF00018,PF00397,22,1,-1.8083352176287921,33.00355505943298
PF00018,PF00397,52,1,-0.8239267475011633,25.734968185424805
PF00018,PF00512,12,1,-3.6086215609177454,36.363361835479736
PF00018,PF00512,42,1,-3.3689132878083945,30.456841230392456
PF00018,PF00512,72,1,-1.9540522230966357,30.746825456619263
PF00018,PF00512,102,1,-0.4545295818381796,32.13197994232178
PF00018,PF00512,32,1,-2.9850938632073714,26.38467240333557
PF00018,PF00512,62,1,-0.873190053714504,21.45529556274414
PF00018,PF00512,92,1,-0.9865071024191102,21.530653715133667
PF00018,PF00512,122,0,0.23401205801636124,22.31566286087036
PF00018,PF00512,22,1,-3.5625205594426155,27.290249347686768
PF00018,PF00512,52,1,-2.261995918141113,22.120654582977295
PF00018,PF00512,82,1,-2.312097224882378,22.278627395629883
PF00018,PF00512,112,1,-2.2545518839334795,23.046748876571655
PF00018,PF00595,12,1,-3.3668201830343345,46.68673658370972
PF00018,PF00595,42,1,-2.792638656447999,38.85053563117981
PF00018,PF00595,72,1,-1.7511071831889828,40.485764265060425
PF00018,PF00595,102,1,-1.1693159187605542,40.55270171165466
PF00018,PF00595,32,1,-2.4491682118519944,46.756040811538696
PF00018,PF00595,62,1,-1.335174752602995,39.11862134933472
PF00018,PF00595,92,1,-0.7583921424878687,40.37623357772827
PF00018,PF00595,122,0,1.3440879295689292,42.283711671829224
PF00018,PF00595,22,1,-2.910442731284275,48.31044054031372
PF00018,PF00595,52,1,-2.513329748522306,40.26779007911682
PF00018,PF00595,82,1,-2.045759257779948,40.05115556716919
PF00018,PF00595,112,1,-0.4596630468605905,42.20543456077576
PF00018,PF02518,12,1,-4.208416775074998,59.84001326560974
PF00018,PF02518,42,1,-3.459978735818488,51.930692195892334
PF00018,PF02518,72,1,-2.5848131226506634,53.172037839889526
PF00018,PF02518,102,1,-1.9642504141941592,54.133136510849
PF00018,PF02518,32,1,-3.4978073831979333,62.41998767852783
PF00018,PF02518,62,1,-2.288829623439733,52.14164757728577
PF00018,PF02518,92,1,-1.7273666748403858,53.38255739212036
PF00018,PF02518,122,1,-0.5653947612392237,54.68418550491333
PF00018,PF02518,22,1,-4.001549695037529,51.95018982887268
PF00018,PF02518,52,1,-3.502385935053239,43.72285461425781
PF00018,PF02518,82,1,-2.9813617344630594,44.95497393608093
PF00018,PF02518,112,1,-2.133084198969162,46.181588649749756
PF00018,PF07679,12,1,-3.5339094395079895,49.63607835769653
PF00018,PF07679,42,1,-3.457858572603894,42.031094789505005
PF00018,PF07679,72,1,-2.5776438906458514,43.003644943237305
PF00018,PF07679,102,1,-1.1735968414580784,45.88837027549744
PF00018,PF07679,32,1,-3.1694537943409005,51.93520140647888
PF00018,PF07679,62,1,-1.9306221113274749,43.3866446018219
PF00018,PF07679,92,1,-0.8264434671084316,43.51754856109619
PF00018,PF07679,122,0,0.021198956948777062,45.031654834747314
PF00018,PF07679,22,1,-3.2204892247867245,29.91059947013855
PF00018,PF07679,52,1,-3.0656377686636436,24.738738298416138
PF00018,PF07679,82,1,-2.1591801030409363,25.251848459243774
PF00018,PF07679,112,1,-1.6434191761517052,25.55806803703308
PF00041,PF00072,12,1,-4.824615765235714,74.16423177719116
PF00041,PF00072,42,1,-3.857951841637684,61.22274613380432
PF00041,PF00072,72,1,-3.6830296061275543,62.027191400527954
PF00041,PF00072,102,1,-3.330191413495601,65.04077911376953
PF00041,PF00072,132,1,-3.1769420155275996,65.82301950454712
PF00041,PF00072,162,1,-2.469132673074136,68.48377346992493
PF00041,PF00072,192,1,-1.6983605365792622,70.97147870063782
PF00041,PF00072,32,1,-4.435830580490085,73.78905749320984
PF00041,PF00072,62,1,-3.8455615695247802,61.25437808036804
PF00041,PF00072,92,1,-3.001390866617929,62.63566756248474
PF00041,PF00072,122,1,-2.9440560896976584,63.68742513656616
PF00041,PF00072,152,1,-2.4702839839513357,64.74094748497009
PF00041,PF00072,182,1,-0.8777644217766205,68.10084652900696
PF00041,PF00072,212,1,-0.9146568329025176,67.64043283462524
PF00041,PF00072,22,1,-4.379042207926288,43.428375005722046
PF00041,PF00072,52,1,-3.7927200566650825,35.644041299819946
PF00041,PF00072,82,1,-3.5936936340147434,36.06940412521362
PF00041,PF00072,112,1,-3.2497849609857545,36.67687225341797
PF00041,PF00072,142,1,-3.291534608291776,36.71242427825928
PF00041,PF00072,172,1,-2.9255317814032167,37.7605676651001
PF00041,PF00072,202,1,-2.187406751402102,39.12298536300659
PF00041,PF00076,12,1,-3.5353834812776266,53.75014019012451
PF00041,PF00076,42,1,-4.019053844438573,43.91372203826904
PF00041,PF00076,72,1,-2.624219072048013,46.04453372955322
PF00041,PF00076,102,1,-2.1225476570325874,46.72642421722412
PF00041,PF00076,132,1,-1.8357865739426107,47.24375915527344
PF00041,PF00076,162,1,-0.630446548721953,49.517308950424194
PF00041,PF00076,32,1,-2.7911793843915076,51.99569869041443
PF00041,PF00076,62,1,-2.2504394708028994,43.07964897155762
PF00041,PF00076,92,1,-1.8739477868657617,43.259984731674194
PF00041,PF00076,122,1,-1.083785399480493,45.431928396224976
PF00041,PF00076,152,1,-0.5600195430144621,47.50937056541443
PF00041,PF00076,22,1,-4.650439809308575,25.731935739517212
PF00041,PF00076,52,1,-2.7965071493161435,20.823569774627686
PF00041,PF00076,82,1,-2.72990622670934,21.329830646514893
PF00041,PF00076,112,1,-2.1512630989044506,21.909350395202637
PF00041,PF00076,142,1,-2.00523209879981,22.59823250770569
PF00041,PF00096,12,1,-3.085097978873861,42.03073048591614
PF00041,PF00096,42,1,-3.1141127911907653,31.986340284347534
PF00041,PF00096,32,1,-3.06946084622569,26.303856372833252
PF00041,PF00096,62,1,-1.779819041150456,19.658555030822754
PF00041,PF00096,22,1,-3.4636425922154483,25.779704093933105
PF00041,PF00096,52,1,-3.1947232899235916,19.277135848999023
PF00041,PF00153,12,1,-2.2252554319059676,60.34976530075073
PF00041,PF00153,42,1,-2.5985275633483247,50.97265577316284
PF00041,PF00153,72,1,-2.1117043546554033,52.13794541358948
PF00041,PF00153,102,1,-1.6289124130914718,54.223692178726196
PF00041,PF00153,132,1,-1.3085783669398947,54.99458837509155
PF00041,PF00153,162,1,-0.9247028944298773,57.50074648857117
PF00041,PF00153,192,1,-0.40059607849477563,60.39740777015686
PF00041,PF00153,32,1,-2.0871545100372244,61.066978454589844
PF00041,PF00153,62,1,-1.9162906470767858,51.238539695739746
PF00041,PF00153,92,1,-1.4914626335143366,52.88093948364258
PF00041,PF00153,122,1,-0.9792110809277432,53.537240505218506
PF00041,PF00153,152,1,-0.7996823973878494,55.883081674575806
PF00041,PF00153,182,0,0.2613461569100374,58.28678607940674
PF00041,PF00153,212,0,0.9157886186425112,60.04787230491638
PF00041,PF00153,22,1,-4.749963824650085,65.18331027030945
PF00041,PF00153,52,1,-2.2869726587711297,53.696852922439575
PF00041,PF00153,82,1,-1.7529667070307755,54.038414478302
PF00041,PF00153,112,1,-1.7366133915081774,54.441468238830566
PF00041,PF00153,142,1,-1.4037932614727138,55.63930892944336
PF00041,PF00153,172,1,-1.3503377669010401,57.18412518501282
PF00041,PF00153,202,1,-1.4238488970663805,58.915669441223145
PF00041,PF00271,12,1,-4.848694593318514,66.18419003486633
PF00041,PF00271,42,1,-3.3390628623252576,55.61647820472717
PF00041,PF00271,72,1,-2.750576734615986,57.49724364280701
PF00041,PF00271,102,1,-2.706947630220601,57.36053395271301
PF00041,PF00271,132,1,-2.57312601874955,59.81255388259888
PF00041,PF00271,162,1,-2.087961444483103,61.535228967666626
PF00041,PF00271,192,1,-1.5616429483504444,64.6586983203888
PF00041,PF00271,32,1,-3.6521674198361262,57.32793092727661
PF00041,PF00271,62,1,-2.839517656855063,48.88935613632202
PF00041,PF00271,92,1,-2.590094211081973,48.2134792804718
PF00041,PF00271,122,1,-1.9237181032084105,49.89863109588623
PF00041,PF00271,152,1,-1.463397159442781,51.04876923561096
PF00041,PF00271,182,1,-0.7371560987642455,52.63388228416443
PF00041,PF00271,212,1,-0.20558821160213792,54.72070240974426
PF00041,PF00271,22,1,-3.3745706375315914,70.05540752410889
PF00041,PF00271,52,1,-3.2202458847297257,58.53983163833618
PF00041,PF00271,82,1,-2.8905334093837336,59.63481593132019
PF00041,PF00271,112,1,-3.045570467136059,59.82190251350403
PF00041,PF00271,142,1,-2.796317236737166,60.936193227767944
PF00041,PF00271,172,1,-2.5204795168980723,62.39734172821045
PF00041,PF00271,202,1,-1.8829202135443812,63.28085970878601
PF00041,PF00397,12,1,-4.6854579147268085,41.64903450012207
PF00041,PF00397,42,1,-2.159515828672347,34.08690404891968
PF00041,PF00397,72,1,-1.7393679939544289,34.74887228012085
PF00041,PF00397,32,1,-2.1588986122300167,42.645262002944946
PF00041,PF00397,62,1,-2.316016067101917,34.40739440917969
PF00041,PF00397,22,1,-2.433365354013181,42.47931528091431
PF00041,PF00397,52,1,-1.748251003346867,35.22282648086548
PF00041,PF00512,12,1,-4.171221537385767,51.69708824157715
PF00041,PF00512,42,1,-3.922445519183383,44.01049041748047
PF00041,PF00512,72,1,-3.0382524383862455,44.52638554573059
PF00041,PF00512,102,1,-2.2504449045022485,45.78525233268738
PF00041,PF00512,132,1,-2.5330997098044175,48.093122482299805
PF00041,PF00512,162,1,-1.8116702948691308,48.42025589942932
PF00041,PF00512,32,1,-3.985716985972269,32.16310143470764
PF00041,PF00512,62,1,-2.8258699405612946,25.902305841445923
PF00041,PF00512,92,1,-2.2288319322951327,26.52145504951477
PF00041,PF00512,122,1,-1.8888458635783107,26.750505208969116
PF00041,PF00512,152,1,-1.4115442555072724,27.206297874450684
PF00041,PF00512,22,1,-3.7187122471088663,55.185585498809814
PF00041,PF00512,52,1,-3.487113940072344,44.95976686477661
PF00041,PF00512,82,1,-3.069604058033459,46.00916075706482
PF00041,PF00512,112,1,-2.737782361569638,46.62638235092163
PF00041,PF00512,142,1,-3.192524933933653,47.790018796920776
PF00041,PF00512,172,1,-2.5273131346166355,48.762471199035645
PF00041,PF00595,12,1,-3.196268222797316,32.97579073905945
PF00041,PF00595,42,1,-4.161234169451648,27.106935501098633
PF00041,PF00595,72,1,-2.4590894678106316,27.821136713027954
PF00041,PF00595,102,1,-2.225970714727064,28.30947756767273
PF00041,PF00595,132,1,-1.4274999129613557,29.729862213134766
PF00041,PF00595,162,1,-1.194935651947593,30.867811918258667
PF00041,PF00595,192,1,-0.4402032453279705,32.13406705856323
PF00041,PF00595,32,1,-2.9231065256448376,56.67796039581299
PF00041,PF00595,62,1,-2.402809622011922,46.81578207015991
PF00041,PF00595,92,1,-1.4437644768799238,47.33574151992798
PF00041,PF00595,122,1,-0.8413330138493064,49.66587424278259
PF00041,PF00595,152,1,-0.08089302845061289,50.70327830314636
PF00041,PF00595,182,0,0.24415136224217307,52.63907980918884
PF00041,PF00595,22,1,-3.163810426431393,55.94723653793335
PF00041,PF00595,52,1,-2.8686192398309855,46.57102131843567
PF00041,PF00595,82,1,-2.896727458320492,47.843899965286255
PF00041,PF00595,112,1,-2.2040127868693284,49.020538091659546
PF00041,PF00595,142,1,-1.8669821408042326,50.24669647216797
PF00041,PF00595,172,1,-1.6731410913607965,51.19274306297302
PF00041,PF00595,202,1,-1.1445418760645623,52.906832695007324
PF00041,PF02518,12,1,-4.457351085793456,40.47579026222229
PF00041,PF02518,42,1,-3.823332177943043,33.38959836959839
PF00041,PF02518,72,1,-3.52684964777672,34.10710287094116
PF00041,PF02518,102,1,-3.633713906976604,34.70328640937805
PF00041,PF02518,132,1,-3.2656749081102934,35.91973948478699
PF00041,PF02518,162,1,-2.6164430297134813,36.97791337966919
PF00041,PF02518,192,1,-2.1016909873261587,37.65758395195007
PF00041,PF02518,32,1,-3.9523892228178465,67.96426320075989
PF00041,PF02518,62,1,-3.6033991954648767,57.62619590759277
PF00041,PF02518,92,1,-2.778109476460668,59.57825565338135
PF00041,PF02518,122,1,-2.624569305379475,61.17033624649048
PF00041,PF02518,152,1,-2.470263281025384,62.21267580986023
PF00041,PF02518,182,1,-1.5060424963828831,65.48329043388367
PF00041,PF02518,212,1,-0.28853643334508294,68.75245094299316
PF00041,PF02518,22,1,-5.242024001043469,70.20634508132935
PF00041,PF02518,52,1,-3.998409649751337,57.50676417350769
PF00041,PF02518,82,1,-3.5301788576942497,58.75741696357727
PF00041,PF02518,112,1,-3.4976659002778767,59.81738758087158
PF00041,PF02518,142,1,-2.8656078090276322,60.94703435897827
PF00041,PF02518,172,1,-2.8833863016520915,63.678744077682495
PF00041,PF02518,202,1,-2.291245244818423,65.52948927879333
PF00041,PF07679,12,1,-4.846608281142124,28.823505878448486
PF00041,PF07679,42,1,-3.5671103426099116,23.492291927337646
PF00041,PF07679,72,1,-3.2074079497527674,23.94942831993103
PF00041,PF07679,102,1,-2.4257732782774006,24.700023651123047
PF00041,PF07679,132,1,-2.263372876100999,25.268152475357056
PF00041,PF07679,162,1,-1.7413131623448654,26.160040140151978
PF00041,PF07679,192,1,-1.265453209595819,27.006561994552612
PF00041,PF07679,32,1,-3.2650034619554194,59.427419662475586
PF00041,PF07679,62,1,-3.5911490982574366,48.29344129562378
PF00041,PF07679,92,1,-1.6696982493262946,50.16202998161316
PF00041,PF07679,122,1,-1.9691960366945138,52.01200580596924
PF00041,PF07679,152,1,-1.6534627352505245,53.55204629898071
PF00041,PF07679,182,1,-0.49050443211468453,54.473286151885986
PF00041,PF07679,212,0,0.14976027878815895,55.87960338592529
PF00041,PF07679,22,1,-3.6375150175532664,62.253740310668945
PF00041,PF07679,52,1,-3.9407245611424253,49.43186688423157
PF00041,PF07679,82,1,-2.9919748084707383,51.64006304740906
PF00041,PF07679,112,1,-2.8087127422469402,51.94838857650757
PF00041,PF07679,142,1,-2.532223460089241,53.27936053276062
PF00041,PF07679,172,1,-2.108069698092459,54.49959707260132
PF00041,PF07679,202,1,-1.4163436279896244,56.47828912734985
PF00072,PF00076,12,1,-3.8672405463146964,64.03896903991699
PF00072,PF00076,42,1,-2.495387307140838,53.407620429992676
PF00072,PF00076,72,1,-2.4411531567967066,54.320019483566284
PF00072,PF00076,102,1,-2.338719370471131,56.550190448760986
PF00072,PF00076,132,1,-2.1939917008978496,58.83479189872742
PF00072,PF00076,162,1,-1.1794964286368623,60.50155019760132
PF00072,PF00076,32,1,-2.9011653316102817,65.53683185577393
PF00072,PF00076,62,1,-2.331005931673515,55.16441345214844
PF00072,PF00076,92,1,-1.786535602664341,56.902437686920166
PF00072,PF00076,122,1,-1.4001130081435045,57.98526740074158
PF00072,PF00076,152,1,-0.6862511213344907,60.33846998214722
PF00072,PF00076,22,1,-3.4032955933103484,64.32957601547241
PF00072,PF00076,52,1,-2.6108274928161586,53.667316913604736
PF00072,PF00076,82,1,-2.6483287148867642,55.00870871543884
PF00072,PF00076,112,1,-2.26434867750087,56.09509778022766
PF00072,PF00076,142,1,-2.3016914911668542,57.205212354660034
PF00072,PF00096,12,1,-3.2178284183554897,58.27824378013611
PF00072,PF00096,42,1,-2.9491580893218656,46.46857833862305
PF00072,PF00096,32,1,-3.004071878504796,59.071492433547974
PF00072,PF00096,62,1,-2.340494004716967,47.422430992126465
PF00072,PF00096,22,1,-2.9057752470635445,57.00340819358826
PF00072,PF00096,52,1,-2.7057547053709246,45.87532925605774
PF00072,PF00153,12,1,-2.3305307175394026,73.36735987663269
PF00072,PF00153,42,1,-1.971436962737037,61.92459464073181
PF00072,PF00153,72,1,-1.7801323648083196,63.7733039855957
PF00072,PF00153,102,1,-1.6966992627707953,64.12116622924805
PF00072,PF00153,132,1,-1.5484833346404714,66.09956789016724
PF00072,PF00153,162,1,-0.43494167354471963,67.62186598777771
PF00072,PF00153,192,1,-0.32374487063652346,69.39942955970764
PF00072,PF00153,222,0,0.11570211872203698,72.70214986801147
PF00072,PF00153,32,1,-2.0416865962117505,73.59776020050049
PF00072,PF00153,62,1,-1.8965993191029469,62.136823892593384
PF00072,PF00153,92,1,-1.4966089937432563,63.17428374290466
PF00072,PF00153,122,1,-1.612968804585973,65.31802439689636
PF00072,PF00153,152,1,-0.64009299538956,65.22595715522766
PF00072,PF00153,182,1,-0.29819822452673994,68.22818565368652
PF00072,PF00153,212,0,0.045613443280828773,69.29557180404663
PF00072,PF00153,242,0,0.1537431961781326,72.28851366043091
PF00072,PF00153,22,1,-3.75812674093878,61.71031427383423
PF00072,PF00153,52,1,-3.257088385708252,52.3552782535553
PF00072,PF00153,82,1,-2.431337418400958,52.533693075180054
PF00072,PF00153,112,1,-1.9989363310446082,53.8249933719635
PF00072,PF00153,142,1,-1.664156227497937,55.08981657028198
PF00072,PF00153,172,1,-1.7524972287172467,56.453290700912476
PF00072,PF00153,202,1,-1.3031427086852139,58.32588863372803
PF00072,PF00153,232,1,-0.955127666596556,57.99939799308777
PF00072,PF00271,12,1,-3.213460962627189,79.4465160369873
PF00072,PF00271,42,1,-2.9113782777029646,65.24931836128235
PF00072,PF00271,72,1,-2.908834752738199,66.30910110473633
PF00072,PF00271,102,1,-3.046513619677532,67.68431830406189
PF00072,PF00271,132,1,-2.4165503610318697,69.90405869483948
PF00072,PF00271,162,1,-2.374617831853588,70.25274753570557
PF00072,PF00271,192,1,-1.7567843915792756,72.07702326774597
PF00072,PF00271,222,1,-1.0382241268461767,74.00564479827881
PF00072,PF00271,252,1,-0.20712518273741565,76.25982785224915
PF00072,PF00271,32,1,-3.0781302303344127,76.8389401435852
PF00072,PF00271,62,1,-3.097748896964233,65.70719361305237
PF00072,PF00271,92,1,-2.5150762328116794,66.73675322532654
PF00072,PF00271,122,1,-2.521349781636688,68.20800757408142
PF00072,PF00271,152,1,-1.7697932131781027,70.41159629821777
PF00072,PF00271,182,1,-1.1523710852045332,72.64643812179565
PF00072,PF00271,212,1,-0.6000642210900712,73.81468224525452
PF00072,PF00271,242,0,0.23991268529157045,75.69775867462158
PF00072,PF00271,272,0,0.33938442986323897,77.70373463630676
PF00072,PF00271,22,1,-3.421873708704261,76.60730171203613
PF00072,PF00271,52,1,-3.2512172774377666,64.25054693222046
PF00072,PF00271,82,1,-3.0204834191239565,65.29683923721313
PF00072,PF00271,112,1,-3.0471071244838845,67.0056574344635
PF00072,PF00271,142,1,-2.7635176375854282,67.21693634986877
PF00072,PF00271,172,1,-2.7491568138883435,69.51213026046753
PF00072,PF00271,202,1,-2.5364451234508585,70.78659462928772
PF00072,PF00271,232,1,-1.9965809732764197,73.14873623847961
PF00072,PF00271,262,1,-1.4446127735971215,75.51982378959656
PF00072,PF00397,12,1,-3.5284313993769336,55.60786199569702
PF00072,PF00397,42,1,-2.1255765123621977,46.8623161315918
PF00072,PF00397,72,1,-1.7014580072305405,48.63771200180054
PF00072,PF00397,32,1,-2.504408576530364,56.616464138031006
PF00072,PF00397,62,1,-1.5814376030905095,47.978278398513794
PF00072,PF00397,22,1,-2.5103401303242774,56.07845139503479
PF00072,PF00397,52,1,-1.8970272952323175,46.26614999771118
PF00072,PF00512,12,1,-3.86967753796931,65.96541142463684
PF00072,PF00512,42,1,-3.328556022002082,54.355146408081055
PF00072,PF00512,72,1,-3.0168762034906327,56.00749611854553
PF00072,PF00512,102,1,-2.8769432943118507,56.817933320999146
PF00072,PF00512,132,1,-2.676340301832924,59.18662619590759
PF00072,PF00512,162,1,-1.8445291666003774,60.76142239570618
PF00072,PF00512,32,1,-3.513175713617047,39.19894862174988
PF00072,PF00512,62,1,-3.0148757869432026,32.067461013793945
PF00072,PF00512,92,1,-2.4090119844063933,32.773271322250366
PF00072,PF00512,122,1,-2.1576044704631157,33.666339635849
PF00072,PF00512,152,1,-1.845892026839052,33.736029863357544
PF00072,PF00512,22,1,-3.6783003628894138,64.12460088729858
PF00072,PF00512,52,1,-3.524729528594926,55.565102338790894
PF00072,PF00512,82,1,-3.4300637461140226,55.520824670791626
PF00072,PF00512,112,1,-3.070412397443776,56.69647979736328
PF00072,PF00512,142,1,-2.6067061511019327,57.99586534500122
PF00072,PF00512,172,1,-2.675834910341782,59.282752990722656
PF00072,PF00595,12,1,-3.252175083132882,70.21753025054932
PF00072,PF00595,42,1,-3.1488592123056423,58.49953818321228
PF00072,PF00595,72,1,-2.8962188894398384,58.76026964187622
PF00072,PF00595,102,1,-2.3947788582173937,59.285542249679565
PF00072,PF00595,132,1,-1.9030884632979663,61.86732053756714
PF00072,PF00595,162,1,-0.9393570301810668,63.17266249656677
PF00072,PF00595,192,1,-0.7134246729325483,63.89869403839111
PF00072,PF00595,32,1,-2.570760268026018,70.3828444480896
PF00072,PF00595,62,1,-2.3015600158064573,58.670859813690186
PF00072,PF00595,92,1,-1.6328967965518724,60.46154737472534
PF00072,PF00595,122,1,-1.333163446552371,60.33325433731079
PF00072,PF00595,152,1,-0.7215632324433178,63.18769836425781
PF00072,PF00595,182,1,-0.28859281515980917,64.46852326393127
PF00072,PF00595,22,1,-3.3870060218742415,67.80650448799133
PF00072,PF00595,52,1,-2.7325765543705143,57.26936221122742
PF00072,PF00595,82,1,-2.9212149169444275,59.05129837989807
PF00072,PF00595,112,1,-2.5800295167443177,60.08581781387329
PF00072,PF00595,142,1,-2.2333682394502197,61.34143543243408
PF00072,PF00595,172,1,-1.8996693684127388,62.78039503097534
PF00072,PF00595,202,1,-2.1183335182630545,64.5953164100647
PF00072,PF02518,12,1,-3.8618528771740057,47.329702615737915
PF00072,PF02518,42,1,-3.518024770344828,39.39545488357544
PF00072,PF02518,72,1,-3.368578304648014,40.07740545272827
PF00072,PF02518,102,1,-3.279372382591347,40.63606095314026
PF00072,PF02518,132,1,-2.832724635686457,41.06884026527405
PF00072,PF02518,162,1,-2.3754344155343214,41.66641664505005
PF00072,PF02518,192,1,-1.5812428142874926,43.13417649269104
PF00072,PF02518,222,1,-1.6157975470747292,43.101847887039185
PF00072,PF02518,252,1,-0.8910992769171451,44.22445487976074
PF00072,PF02518,282,1,-0.4145015040913111,45.35934329032898
PF00072,PF02518,32,1,-3.734624527480738,82.90780782699585
PF00072,PF02518,62,1,-3.398475676799865,69.05452489852905
PF00072,PF02518,92,1,-3.2017596119631633,69.82853293418884
PF00072,PF02518,122,1,-2.7495467488387266,69.2244291305542
PF00072,PF02518,152,1,-2.265734208467257,70.90485119819641
PF00072,PF02518,182,1,-1.5617237937879331,72.38406467437744
PF00072,PF02518,212,1,-1.1250955055706293,74.72042560577393
PF00072,PF02518,242,0,0.06440731166302442,77.55374693870544
PF00072,PF02518,272,1,-0.18715242649684535,79.0387864112854
PF00072,PF02518,22,1,-3.9720564756300663,46.732706785202026
PF00072,PF02518,52,1,-3.750419539689878,39.178972244262695
PF00072,PF02518,82,1,-3.741635194594436,39.55771565437317
PF00072,PF02518,112,1,-3.749318500444318,40.02340364456177
PF00072,PF02518,142,1,-3.4045197182469216,40.0532808303833
PF00072,PF02518,172,1,-2.9494775352619933,41.29403901100159
PF00072,PF02518,202,1,-2.8264699667546385,42.245607137680054
PF00072,PF02518,232,1,-3.018338382548592,42.3224720954895
PF00072,PF02518,262,1,-2.8116482095015223,43.85426688194275
PF00072,PF02518,292,1,-2.255875598241298,45.139729261398315
PF00072,PF07679,12,1,-4.385836254476675,34.91349172592163
PF00072,PF07679,42,1,-3.3765011361666297,28.754871368408203
PF00072,PF07679,72,1,-2.4749254930424853,29.167900800704956
PF00072,PF07679,102,1,-2.4215590745449145,29.916464805603027
PF00072,PF07679,132,1,-2.3857209037985476,30.239348649978638
PF00072,PF07679,162,1,-1.7992176902311345,30.911009788513184
PF00072,PF07679,192,1,-1.2895142297494164,32.14243412017822
PF00072,PF07679,222,1,-0.9501895605388723,32.920310735702515
PF00072,PF07679,32,1,-3.681107678288346,70.03902268409729
PF00072,PF07679,62,1,-2.5096419450420284,58.8366858959198
PF00072,PF07679,92,1,-2.0732613649454787,61.86567211151123
PF00072,PF07679,122,1,-2.591652185179757,62.62684202194214
PF00072,PF07679,152,1,-1.1965436344969838,63.93810749053955
PF00072,PF07679,182,1,-0.7520605969602349,65.91464900970459
PF00072,PF07679,212,1,-0.5059675939839903,68.16722249984741
PF00072,PF07679,22,1,-3.5905691295486117,70.28150463104248
PF00072,PF07679,52,1,-3.5759636395937946,58.96884226799011
PF00072,PF07679,82,1,-2.803595742245722,60.575485706329346
PF00072,PF07679,112,1,-2.8022503476079077,62.27975392341614
PF00072,PF07679,142,1,-2.502926867096206,64.28579449653625
PF00072,PF07679,172,1,-2.592633744070746,64.73567175865173
PF00072,PF07679,202,1,-2.325174931917475,66.05368423461914
PF00076,PF00096,12,1,-2.792701339278171,37.07745599746704
PF00076,PF00096,42,1,-2.072088071451397,27.737021684646606
PF00076,PF00096,32,1,-1.67933513294416,22.534968614578247
PF00076,PF00096,62,1,-1.4394900904127863,16.441585779190063
PF00076,PF00096,22,1,-2.1724605643397052,37.33168840408325
PF00076,PF00096,52,1,-2.299695132190159,27.80657386779785
PF00076,PF00153,12,1,-2.3108024131367335,59.02680420875549
PF00076,PF00153,42,1,-2.036777233669166,49.199724435806274
PF00076,PF00153,72,1,-1.7166635757296898,50.40543580055237
PF00076,PF00153,102,1,-0.6796355461541514,51.663792848587036
PF00076,PF00153,132,1,-0.28174529407165605,52.191277503967285
PF00076,PF00153,162,0,0.10614390118577009,54.23713040351868
PF00076,PF00153,32,1,-1.9857314053618367,34.770705461502075
PF00076,PF00153,62,1,-1.413596790055672,29.06827735900879
PF00076,PF00153,92,1,-0.30974496207284274,29.40683078765869
PF00076,PF00153,122,0,0.06082334688430757,30.237736701965332
PF00076,PF00153,152,0,0.5722777049079555,30.850755214691162
PF00076,PF00153,22,1,-2.3186828483081374,57.03472137451172
PF00076,PF00153,52,1,-2.1137693772393575,47.37429690361023
PF00076,PF00153,82,1,-1.5423281014014487,48.51056694984436
PF00076,PF00153,112,1,-1.2641907118132365,49.60678839683533
PF00076,PF00153,142,1,-0.5869505097691945,50.732311964035034
PF00076,PF00271,12,1,-3.653350501192125,37.66012501716614
PF00076,PF00271,42,1,-2.64376823882159,30.998055934906006
PF00076,PF00271,72,1,-2.43546587601095,31.50313401222229
PF00076,PF00271,102,1,-2.0467329129547864,32.06765007972717
PF00076,PF00271,132,1,-1.2796762074501913,32.91021990776062
PF00076,PF00271,162,1,-1.5396115008227804,33.4958176612854
PF00076,PF00271,32,1,-2.9241883272371325,61.63090658187866
PF00076,PF00271,62,1,-2.1841742535563955,53.17419481277466
PF00076,PF00271,92,1,-1.7785759877023002,54.44722580909729
PF00076,PF00271,122,1,-1.3579608383067097,55.516358852386475
PF00076,PF00271,152,1,-0.49739937242754634,57.091015338897705
PF00076,PF00271,22,1,-3.4686280080877236,62.064472913742065
PF00076,PF00271,52,1,-2.729821532973801,51.84416341781616
PF00076,PF00271,82,1,-2.538994579778029,52.77447319030762
PF00076,PF00271,112,1,-2.0245821228170917,54.068843126297
PF00076,PF00271,142,1,-1.9515215364942173,55.93664193153381
PF00076,PF00397,12,1,-1.8791883116319021,30.2645480632782
PF00076,PF00397,42,1,-1.5624858605758836,24.337307453155518
PF00076,PF00397,72,1,-0.3799207401293112,25.68186902999878
PF00076,PF00397,32,1,-1.3247411890555765,38.53533577919006
PF00076,PF00397,62,1,-0.4809567614423557,30.458234071731567
PF00076,PF00397,22,1,-2.3265299342776853,38.06825304031372
PF00076,PF00397,52,1,-1.6430032585340442,30.170472145080566
PF00076,PF00512,12,1,-2.984424805200147,47.01727867126465
PF00076,PF00512,42,1,-2.5847123219735595,39.235005140304565
PF00076,PF00512,72,1,-1.3413544505393626,41.420286655426025
PF00076,PF00512,102,1,-1.8340146537106838,41.84180283546448
PF00076,PF00512,132,1,-0.8733533840720706,43.66385054588318
PF00076,PF00512,162,0,0.42199686475397624,46.991928815841675
PF00076,PF00512,32,1,-2.3200002338855072,47.20268964767456
PF00076,PF00512,62,1,-1.8149648904768212,38.739322662353516
PF00076,PF00512,92,1,-0.7578000802612613,40.76856446266174
PF00076,PF00512,122,1,-0.11652466425771359,41.310370206832886
PF00076,PF00512,152,0,0.23202796286294441,42.844364643096924
PF00076,PF00512,22,1,-2.863308287329161,47.5020534992218
PF00076,PF00512,52,1,-2.3484320789769333,39.34519410133362
PF00076,PF00512,82,1,-2.1704003122891664,40.10166096687317
PF00076,PF00512,112,1,-1.6783143034774555,41.16235828399658
PF00076,PF00512,142,1,-1.4337058988903284,42.37511730194092
PF00076,PF00595,12,1,-3.0365566491655778,54.52589249610901
PF00076,PF00595,42,1,-2.477959534925995,44.40331482887268
PF00076,PF00595,72,1,-1.9566350813780022,46.470484018325806
PF00076,PF00595,102,1,-0.8334854740558746,47.736623764038086
PF00076,PF00595,132,1,-0.6025349197992229,48.216731548309326
PF00076,PF00595,162,0,0.02427700745257535,48.66023373603821
PF00076,PF00595,32,1,-2.370950255392563,54.63342761993408
PF00076,PF00595,62,1,-1.6628955556631453,45.205360651016235
PF00076,PF00595,92,1,-0.7237467341389139,47.7262647151947
PF00076,PF00595,122,0,0.48330079302663875,46.20259141921997
PF00076,PF00595,152,0,0.5765407448980593,47.030224084854126
PF00076,PF00595,22,1,-3.03870866667289,54.013957500457764
PF00076,PF00595,52,1,-2.5346028553026896,44.42152380943298
PF00076,PF00595,82,1,-1.8966002402623718,45.05397939682007
PF00076,PF00595,112,1,-1.4131278749492284,44.84396052360535
PF00076,PF00595,142,1,-0.7255481939960293,45.96284794807434
PF00076,PF02518,12,1,-2.891903694968031,63.45721769332886
PF00076,PF02518,42,1,-2.6516394644875474,53.5514235496521
PF00076,PF02518,72,1,-2.1579927334859246,54.69462060928345
PF00076,PF02518,102,1,-1.9808680621686485,56.42863154411316
PF00076,PF02518,132,1,-1.117877646360746,57.15032362937927
PF00076,PF02518,162,1,-0.96146792160691,59.1863272190094
PF00076,PF02518,32,1,-2.836692886136947,65.21810340881348
PF00076,PF02518,62,1,-2.317629862062062,54.54911684989929
PF00076,PF02518,92,1,-1.4743692164526088,56.68059062957764
PF00076,PF02518,122,1,-1.2332792046338399,58.539522647857666
PF00076,PF02518,152,1,-0.6146148322184614,59.823325634002686
PF00076,PF02518,22,1,-2.8582895674938262,63.153409004211426
PF00076,PF02518,52,1,-2.77220944963205,52.94123816490173
PF00076,PF02518,82,1,-2.1425409766108143,54.01808762550354
PF00076,PF02518,112,1,-2.2977254950103614,56.85819149017334
PF00076,PF02518,142,1,-1.5642758938059018,58.378541469573975
PF00076,PF07679,12,1,-2.878859470579266,55.27810096740723
PF00076,PF07679,42,1,-2.593421093749387,44.89232015609741
PF00076,PF07679,72,1,-2.27082592279824,46.24022054672241
PF00076,PF07679,102,1,-1.3247541433652366,48.3205680847168
PF00076,PF07679,132,1,-1.062074119642453,49.607752561569214
PF00076,PF07679,162,1,-0.8758585797556161,51.28779077529907
PF00076,PF07679,32,1,-2.7302372987790475,56.88652539253235
PF00076,PF07679,62,1,-2.0243550924554095,46.59587788581848
PF00076,PF07679,92,1,-1.0767408897275539,47.51242661476135
PF00076,PF07679,122,1,-0.719326296551059,48.831931352615356
PF00076,PF07679,152,1,-0.3549782952924333,50.44278955459595
PF00076,PF07679,22,1,-2.8569475491296172,55.59977912902832
PF00076,PF07679,52,1,-2.8461986160240595,45.173882484436035
PF00076,PF07679,82,1,-1.9834835497171022,46.047399044036865
PF00076,PF07679,112,1,-1.7299497341264516,47.695945262908936
PF00076,PF07679,142,1,-1.6049398506079195,48.74273633956909
PF00096,PF00153,12,1,-3.354417734309277,53.59113836288452
PF00096,PF00153,42,1,-2.1926719113689246,42.34081530570984
PF00096,PF00153,32,1,-1.6381271375568736,44.17487072944641
PF00096,PF00153,62,1,-0.38474121972108677,36.13103914260864
PF00096,PF00153,22,1,-1.869256712357559,31.061180591583252
PF00096,PF00153,52,1,-1.9306188196427152,24.785650491714478
PF00096,PF00271,12,1,-3.088510748102486,28.46698260307312
PF00096,PF00271,42,1,-2.791608587060306,23.01591396331787
PF00096,PF00271,32,1,-2.5931834983565323,59.040178298950195
PF00096,PF00271,62,1,-1.5002845341588196,48.59725499153137
PF00096,PF00271,22,1,-2.767754939947546,60.57363533973694
PF00096,PF00271,52,1,-2.5037908980444517,48.2068829536438
PF00096,PF00397,12,1,-1.9432710118579393,29.71035599708557
PF00096,PF00397,42,1,-1.0909482322357047,20.463311672210693
PF00096,PF00397,32,1,-0.5877710392267135,26.543736696243286
PF00096,PF00397,62,0,0.8554470799275052,18.85260009765625
PF00096,PF00397,22,1,-1.2932225452312502,23.050773859024048
PF00096,PF00397,52,1,-0.479904092302756,15.688698768615723
PF00096,PF00512,12,1,-3.103400662650973,24.92533850669861
PF00096,PF00512,42,1,-1.9775093066452587,18.686673879623413
PF00096,PF00512,32,1,-2.3012169713119675,19.235785245895386
PF00096,PF00512,62,1,-0.5395072074632445,14.700803518295288
PF00096,PF00512,22,1,-2.7676378156391226,43.40451002120972
PF00096,PF00512,52,1,-1.9171356524957905,32.870734214782715
PF00096,PF00595,12,1,-3.063151724708672,27.1162211894989
PF00096,PF00595,42,1,-2.0003319627830165,21.000806093215942
PF00096,PF00595,32,1,-1.6834191682280837,38.23997378349304
PF00096,PF00595,62,1,-0.8470041194154986,30.04045605659485
PF00096,PF00595,22,1,-2.9398188597988075,47.720022439956665
PF00096,PF00595,52,1,-1.8814890007745946,37.0788733959198
PF00096,PF02518,12,1,-3.411858651595821,59.33346652984619
PF00096,PF02518,42,1,-2.816858844474272,47.743417739868164
PF00096,PF02518,32,1,-3.0819162415673693,64.503249168396
PF00096,PF02518,62,1,-0.9076731547346244,49.44514775276184
PF00096,PF02518,22,1,-3.0872692208894694,29.326647996902466
PF00096,PF02518,52,1,-2.2884171858275133,23.430120706558228
PF00096,PF07679,12,1,-3.0971520923737095,41.20642805099487
PF00096,PF07679,42,1,-2.9895891300648363,32.44397830963135
PF00096,PF07679,32,1,-2.6559860294250606,29.746071577072144
PF00096,PF07679,62,1,-1.6846626941207161,22.574915409088135
PF00096,PF07679,22,1,-3.373767954313186,48.75828671455383
PF00096,PF07679,52,1,-2.8550946919087017,38.72380185127258
PF00153,PF00271,12,1,-2.291117014982498,68.98118329048157
PF00153,PF00271,42,1,-2.121674383055322,59.90916991233826
PF00153,PF00271,72,1,-1.8477671868146577,59.95281958580017
PF00153,PF00271,102,1,-1.7686956689203,60.44539022445679
PF00153,PF00271,132,1,-1.2536449897343764,61.986791133880615
PF00153,PF00271,162,1,-0.8065236661352523,63.55331754684448
PF00153,PF00271,192,1,-0.27804947155677107,65.82731223106384
PF00153,PF00271,222,0,0.3915788208836051,68.7908148765564
PF00153,PF00271,32,1,-2.276252398124664,42.133232831954956
PF00153,PF00271,62,1,-1.8018974800741796,35.33874797821045
PF00153,PF00271,92,1,-1.0133279733925542,36.29590678215027
PF00153,PF00271,122,1,-1.092933782526518,37.128583908081055
PF00153,PF00271,152,1,-0.5103973417628723,36.39974331855774
PF00153,PF00271,182,0,0.039594541372952805,37.72590351104736
PF00153,PF00271,212,0,0.5687031355496344,39.271806955337524
PF00153,PF00271,242,0,1.220391427862323,40.41158580780029
PF00153,PF00271,22,1,-2.4845580205311717,70.63493084907532
PF00153,PF00271,52,1,-1.9670065443062286,58.90261244773865
PF00153,PF00271,82,1,-1.6868701334901177,58.74315071105957
PF00153,PF00271,112,1,-1.8346167742523372,60.291518449783325
PF00153,PF00271,142,1,-1.436641947796084,61.071821451187134
PF00153,PF00271,172,1,-1.3953588751801616,62.90651202201843
PF00153,PF00271,202,1,-0.7647967966153856,64.87187385559082
PF00153,PF00271,232,1,-0.2746304093123092,66.91151309013367
PF00153,PF00397,12,1,-2.4026796198094753,46.057361125946045
PF00153,PF00397,42,1,-1.402258170299632,38.60983467102051
PF00153,PF00397,72,1,-0.655400403197792,39.483665466308594
PF00153,PF00397,32,1,-1.4098732114277632,49.29387283325195
PF00153,PF00397,62,0,0.179441423369321,40.08494997024536
PF00153,PF00397,22,1,-1.9315310919247883,38.67438721656799
PF00153,PF00397,52,1,-1.4406915110003435,31.916187524795532
PF00153,PF00512,12,1,-3.9315790911303647,34.00906538963318
PF00153,PF00512,42,1,-1.8515032535185496,28.204888343811035
PF00153,PF00512,72,1,-0.8244137821818122,28.394898891448975
PF00153,PF00512,102,1,-0.882049534179264,29.242534160614014
PF00153,PF00512,132,1,-1.0243186706476801,29.330984592437744
PF00153,PF00512,162,1,-0.6361730063160026,30.2195827960968
PF00153,PF00512,32,1,-2.1421792128358788,59.39080286026001
PF00153,PF00512,62,1,-1.6129313527167815,49.60273885726929
PF00153,PF00512,92,1,-0.5480264957796781,49.03640389442444
PF00153,PF00512,122,1,-0.7753803277866871,49.28326392173767
PF00153,PF00512,152,1,-0.6867074417709341,50.957308769226074
PF00153,PF00512,22,1,-2.286178756196175,58.89202570915222
PF00153,PF00512,52,1,-1.9379877604599325,48.865530014038086
PF00153,PF00512,82,1,-1.6629409485536635,48.417041540145874
PF00153,PF00512,112,1,-1.4674834072504346,49.54194760322571
PF00153,PF00512,142,1,-1.5252304233390508,50.56604862213135
PF00153,PF00512,172,1,-1.1701902693112745,51.58292245864868
PF00153,PF00595,12,1,-2.4591105598044964,60.17997074127197
PF00153,PF00595,42,1,-1.9155698658960456,50.14951705932617
PF00153,PF00595,72,1,-1.671490631675617,53.671191692352295
PF00153,PF00595,102,1,-0.2550433408840643,54.290348052978516
PF00153,PF00595,132,1,-0.5151171243349388,54.75952959060669
PF00153,PF00595,162,1,-0.06151469113248875,56.11393117904663
PF00153,PF00595,192,0,0.26317970724795675,57.66201949119568
PF00153,PF00595,32,1,-2.1805402808885535,59.88998889923096
PF00153,PF00595,62,1,-1.1611250899705634,51.71959161758423
PF00153,PF00595,92,1,-0.3984736900420391,52.96212387084961
PF00153,PF00595,122,0,0.1747843210489928,54.08803081512451
PF00153,PF00595,152,0,0.4252429290204246,54.83448553085327
PF00153,PF00595,182,0,1.4182666739615328,56.95642304420471
PF00153,PF00595,22,1,-2.0536364510588454,60.951706886291504
PF00153,PF00595,52,1,-2.3849196599801226,50.59197545051575
PF00153,PF00595,82,1,-1.664394297986005,50.53196668624878
PF00153,PF00595,112,1,-1.1834504958969299,52.10971736907959
PF00153,PF00595,142,1,-0.89595490042366,52.933229207992554
PF00153,PF00595,172,1,-0.5687871807543827,53.9275062084198
PF00153,PF00595,202,1,-0.12823134434402916,57.073851346969604
PF00153,PF02518,12,1,-2.4892890800969156,35.299009561538696
PF00153,PF02518,42,1,-2.1018925676060727,29.827497243881226
PF00153,PF02518,72,1,-1.9259335869721077,29.95776104927063
PF00153,PF02518,102,1,-1.7736362370272236,30.669244050979614
PF00153,PF02518,132,1,-1.1147853493963817,31.42672371864319
PF00153,PF02518,162,1,-1.3117095788367659,32.06841421127319
PF00153,PF02518,192,1,-0.9022379514981467,33.046875
PF00153,PF02518,222,1,-0.32152386755697965,34.43435263633728
PF00153,PF02518,32,1,-2.00606282744117,75.03132271766663
PF00153,PF02518,62,1,-1.6784365554681209,62.305466413497925
PF00153,PF02518,92,1,-1.4007370264408012,63.470295906066895
PF00153,PF02518,122,1,-1.2651838437033378,63.987465381622314
PF00153,PF02518,152,1,-1.5098940499029643,64.86640667915344
PF00153,PF02518,182,1,-0.21080754441725844,66.81716251373291
PF00153,PF02518,212,0,0.3570985913927441,68.87797236442566
PF00153,PF02518,242,0,0.7611419482760298,72.46405601501465
PF00153,PF02518,22,1,-3.507489297573717,71.69442224502563
PF00153,PF02518,52,1,-2.6555440526740663,61.57459831237793
PF00153,PF02518,82,1,-2.4683494548336693,61.97776222229004
PF00153,PF02518,112,1,-2.3369831329204205,63.045804023742676
PF00153,PF02518,142,1,-1.585308209188371,62.951483488082886
PF00153,PF02518,172,1,-1.4704818110235551,64.61532926559448
PF00153,PF02518,202,1,-1.4810132568400385,66.55388903617859
PF00153,PF02518,232,1,-0.9426610214279167,69.42973566055298
PF00153,PF07679,12,1,-3.156548142587386,63.32694745063782
PF00153,PF07679,42,1,-2.4453450620320583,52.487877368927
PF00153,PF07679,72,1,-1.9028919614497373,53.610148668289185
PF00153,PF07679,102,1,-1.1460310338117974,54.29880499839783
PF00153,PF07679,132,1,-1.1237497447399916,56.74549102783203
PF00153,PF07679,162,1,-0.7504344742636656,57.87211608886719
PF00153,PF07679,192,1,-0.038391388503677897,60.165473222732544
PF00153,PF07679,222,0,0.22352336187616176,62.59731078147888
PF00153,PF07679,32,1,-2.030274766420836,62.17884612083435
PF00153,PF07679,62,1,-1.5222441610555795,53.31125235557556
PF00153,PF07679,92,1,-0.7092693691418687,55.15511345863342
PF00153,PF07679,122,1,-0.611081131823861,55.52793526649475
PF00153,PF07679,152,1,-0.08025644322511097,57.93302869796753
PF00153,PF07679,182,0,0.33459933002399456,59.31542158126831
PF00153,PF07679,212,0,0.9172091945765852,61.85612368583679
PF00153,PF07679,22,1,-2.1890846144775846,37.68383288383484
PF00153,PF07679,52,1,-2.3962927078582585,31.06222414970398
PF00153,PF07679,82,1,-2.2740893254808556,31.42812705039978
PF00153,PF07679,112,1,-1.4616081589067167,31.91630458831787
PF00153,PF07679,142,1,-1.2593064497165405,32.742780923843384
PF00153,PF07679,172,1,-0.9526749996256239,33.35640501976013
PF00153,PF07679,202,1,-0.797114077528285,34.12137246131897
PF00271,PF00397,12,1,-3.2689876539169114,50.48373246192932
PF00271,PF00397,42,1,-2.1441007696981615,41.97635507583618
PF00271,PF00397,72,1,-1.8820589245093622,43.95879054069519
PF00271,PF00397,32,1,-1.6013600709942566,53.94582223892212
PF00271,PF00397,62,1,-0.6125395464312061,43.59701371192932
PF00271,PF00397,22,1,-2.7694481968946767,50.66704344749451
PF00271,PF00397,52,1,-2.3780665099635763,41.74827790260315
PF00271,PF00512,12,1,-3.7489647638940355,35.5875027179718
PF00271,PF00512,42,1,-2.9877478922694825,29.475741147994995
PF00271,PF00512,72,1,-2.353780888688506,29.996877670288086
PF00271,PF00512,102,1,-2.1392260849985294,30.89293599128723
PF00271,PF00512,132,1,-1.696769382384799,31.559365034103394
PF00271,PF00512,162,1,-1.383501061116564,32.60595941543579
PF00271,PF00512,32,1,-3.0410099028921,51.21788311004639
PF00271,PF00512,62,1,-2.0828832712679075,43.35143733024597
PF00271,PF00512,92,1,-2.300460294409733,43.89918041229248
PF00271,PF00512,122,1,-1.413132910542705,45.25151324272156
PF00271,PF00512,152,1,-1.0915553766439556,46.85702705383301
PF00271,PF00512,22,1,-3.2394084504705023,60.77736735343933
PF00271,PF00512,52,1,-2.8492193786973194,50.14188051223755
PF00271,PF00512,82,1,-2.912514826206138,51.143113136291504
PF00271,PF00512,112,1,-2.684718970247345,51.52721285820007
PF00271,PF00512,142,1,-2.404722711126245,53.10132813453674
PF00271,PF00512,172,1,-2.3361770167927642,54.86922597885132
PF00271,PF00595,12,1,-3.0602592213302646,65.31595730781555
PF00271,PF00595,42,1,-2.785609651631603,55.11704659461975
PF00271,PF00595,72,1,-2.6693835915197974,55.444703578948975
PF00271,PF00595,102,1,-2.239865632485949,56.401691913604736
PF00271,PF00595,132,1,-1.6697916934248094,57.54613709449768
PF00271,PF00595,162,1,-1.1777219314340182,58.954106092453
PF00271,PF00595,192,1,-0.23636229985411816,61.63139486312866
PF00271,PF00595,32,1,-2.8675616674753917,63.720113039016724
PF00271,PF00595,62,1,-2.380612350955595,53.07034993171692
PF00271,PF00595,92,1,-1.9131718507766418,53.387919902801514
PF00271,PF00595,122,1,-0.9346897690101513,54.784740686416626
PF00271,PF00595,152,1,-0.32805787052075286,56.98475217819214
PF00271,PF00595,182,0,0.542728993292058,59.02474880218506
PF00271,PF00595,22,1,-2.9860006859849975,63.94474506378174
PF00271,PF00595,52,1,-2.791191647051507,54.69538855552673
PF00271,PF00595,82,1,-2.532711526080763,54.93525433540344
PF00271,PF00595,112,1,-2.2710535528979263,55.43000864982605
PF00271,PF00595,142,1,-1.8159238872114902,56.796632051467896
PF00271,PF00595,172,1,-1.4934504483436242,57.729799032211304
PF00271,PF00595,202,1,-1.3241123488921218,59.592525482177734
PF00271,PF02518,12,1,-3.2316927046658424,74.37035179138184
PF00271,PF02518,42,1,-3.285816384674892,62.018468141555786
PF00271,PF02518,72,1,-2.9413483248095678,62.949610471725464
PF00271,PF02518,102,1,-2.7793953751216924,64.67329740524292
PF00271,PF02518,132,1,-2.2275906705788215,67.4140350818634
PF00271,PF02518,162,1,-2.0573457731998905,69.51888918876648
PF00271,PF02518,192,1,-1.5266204295953707,70.89493465423584
PF00271,PF02518,222,1,-0.7085555784186923,74.40910530090332
PF00271,PF02518,252,1,-0.40171162247799447,77.03696608543396
PF00271,PF02518,32,1,-3.086879292989549,78.06883716583252
PF00271,PF02518,62,1,-2.954225754500084,64.7101833820343
PF00271,PF02518,92,1,-2.7361071275896727,65.94287586212158
PF00271,PF02518,122,1,-2.0250426725582105,67.1588077545166
PF00271,PF02518,152,1,-1.5381772200274468,68.62737536430359
PF00271,PF02518,182,1,-0.889263824610156,70.75327467918396
PF00271,PF02518,212,1,-0.28702726882760216,71.73569226264954
PF00271,PF02518,242,0,0.14079409289089628,74.99287748336792
PF00271,PF02518,272,0,0.6626800648450596,78.20462799072266
PF00271,PF02518,22,1,-3.538280505251991,73.99472618103027
PF00271,PF02518,52,1,-2.8563815347313164,61.960049629211426
PF00271,PF02518,82,1,-3.0513837111583797,63.300119161605835
PF00271,PF02518,112,1,-3.16002894629412,63.97232127189636
PF00271,PF02518,142,1,-2.858508248747468,65.40522003173828
PF00271,PF02518,172,1,-2.7474650920947035,66.88891005516052
PF00271,PF02518,202,1,-2.4287590794676914,70.23644542694092
PF00271,PF02518,232,1,-1.8026642992160136,71.45083332061768
PF00271,PF02518,262,1,-1.6665712286535643,73.4164924621582
PF00271,PF07679,12,1,-3.3025972117709896,68.58537769317627
PF00271,PF07679,42,1,-3.0835869035430554,56.877585887908936
PF00271,PF07679,72,1,-2.7389659609052788,58.00960850715637
PF00271,PF07679,102,1,-2.2251007914649796,58.37340593338013
PF00271,PF07679,132,1,-1.8403193897946044,61.36044216156006
PF00271,PF07679,162,1,-1.5143935247206914,61.89019799232483
PF00271,PF07679,192,1,-0.9919802319717905,63.65972566604614
PF00271,PF07679,222,1,-0.6533035303867077,65.94830131530762
PF00271,PF07679,32,1,-3.2642060713615617,56.0729296207428
PF00271,PF07679,62,1,-2.434012441817831,47.66823983192444
PF00271,PF07679,92,1,-2.122808912858808,48.47504210472107
PF00271,PF07679,122,1,-1.3168774480679661,49.54521679878235
PF00271,PF07679,152,1,-0.7253914267184616,50.49279165267944
PF00271,PF07679,182,1,-0.2581352731504001,52.11631941795349
PF00271,PF07679,212,0,0.18385470647736415,54.31619596481323
PF00271,PF07679,22,1,-3.50392255523447,68.17781281471252
PF00271,PF07679,52,1,-3.1000804788990615,56.060094118118286
PF00271,PF07679,82,1,-3.116747842263551,57.18012833595276
PF00271,PF07679,112,1,-2.665840869016449,57.9020049571991
PF00271,PF07679,142,1,-2.5683758899462448,58.21391725540161
PF00271,PF07679,172,1,-2.0163348651029245,59.85065937042236
PF00271,PF07679,202,1,-1.3714039142382217,61.515817403793335
PF00397,PF00512,12,1,-2.15288924671717,39.07663536071777
PF00397,PF00512,42,1,-0.7916682774798656,31.744126558303833
PF00397,PF00512,72,1,-1.7027128278137769,32.72088313102722
PF00397,PF00512,32,1,-1.1191684682526661,39.768065452575684
PF00397,PF00512,62,0,0.4724816147503503,32.25114727020264
PF00397,PF00512,22,1,-2.3216379012982626,39.39379692077637
PF00397,PF00512,52,1,-1.1876481701512738,32.48790502548218
PF00397,PF00595,12,1,-2.8335835954616546,43.21282076835632
PF00397,PF00595,42,1,-2.084017911168273,36.16572284698486
PF00397,PF00595,72,1,-0.8276324257361557,36.79015231132507
PF00397,PF00595,32,1,-1.5774770451756097,43.678133487701416
PF00397,PF00595,62,0,0.38800667935873434,36.64783477783203
PF00397,PF00595,22,1,-2.3548064723974544,46.231778621673584
PF00397,PF00595,52,1,-2.1866901515597634,37.254135847091675
PF00397,PF02518,12,1,-2.897084186588986,59.596983671188354
PF00397,PF02518,42,1,-1.5756313006623455,49.3249192237854
PF00397,PF02518,72,1,-2.1425701528514733,50.10329294204712
PF00397,PF02518,32,1,-2.225014120417249,60.63719058036804
PF00397,PF02518,62,1,-0.8759314670481819,51.72625136375427
PF00397,PF02518,22,1,-1.9714554900198273,59.39297533035278
PF00397,PF02518,52,1,-1.5266404459699734,49.136552810668945
PF00397,PF07679,12,1,-2.442700786659077,46.53173303604126
PF00397,PF07679,42,1,-2.1591038552240187,39.162216663360596
PF00397,PF07679,72,1,-1.714828317393976,41.3218457698822
PF00397,PF07679,32,1,-2.2999890202553455,46.92771673202515
PF00397,PF07679,62,1,-1.0252768625758317,38.802470684051514
PF00397,PF07679,22,1,-2.262993252852846,47.234225034713745
PF00397,PF07679,52,1,-1.7140327206084451,39.28778672218323
PF00512,PF00595,12,1,-3.4507070682372882,31.92106032371521
PF00512,PF00595,42,1,-2.7925560457432472,26.031715869903564
PF00512,PF00595,72,1,-1.8706056642451427,26.882664442062378
PF00512,PF00595,102,1,-1.6797001006010281,27.34712815284729
PF00512,PF00595,132,1,-1.0254795865474986,28.640528917312622
PF00512,PF00595,162,0,0.0920826006808239,28.875989198684692
PF00512,PF00595,32,1,-2.506175674192736,51.058850049972534
PF00512,PF00595,62,1,-1.1858589327989089,42.9805588722229
PF00512,PF00595,92,1,-1.290444219665667,44.31292271614075
PF00512,PF00595,122,1,-0.6216064009804367,46.71630024909973
PF00512,PF00595,152,0,0.40864357439682114,47.616732358932495
PF00512,PF00595,22,1,-3.1202644420257903,52.527652978897095
PF00512,PF00595,52,1,-2.8410603266664256,43.81277537345886
PF00512,PF00595,82,1,-2.340148590283341,44.40046572685242
PF00512,PF00595,112,1,-1.8307752707845477,46.35608744621277
PF00512,PF00595,142,1,-1.760573990849123,47.82277965545654
PF00512,PF00595,172,1,-1.3072178156300656,49.33331656455994
PF00512,PF02518,12,1,-3.7418630355262614,64.07070684432983
PF00512,PF02518,42,1,-3.2702021030825135,54.03651285171509
PF00512,PF02518,72,1,-2.1338158784996266,55.90313529968262
PF00512,PF02518,102,1,-2.7884800730274044,57.15199089050293
PF00512,PF02518,132,1,-2.0698853418444787,59.05669164657593
PF00512,PF02518,162,1,-1.8920020977950522,61.725377321243286
PF00512,PF02518,32,1,-3.6354628345779374,66.9740149974823
PF00512,PF02518,62,1,-2.747217333635239,55.73376178741455
PF00512,PF02518,92,1,-2.3831013668705006,56.71245098114014
PF00512,PF02518,122,1,-2.3163668056240447,59.02605605125427
PF00512,PF02518,152,1,-1.6377832618012105,59.976826190948486
PF00512,PF02518,22,1,-3.726313711005353,38.47082853317261
PF00512,PF02518,52,1,-3.2231846506743143,32.57995319366455
PF00512,PF02518,82,1,-3.0437997808456925,33.26503849029541
PF00512,PF02518,112,1,-3.1547296387818697,33.200149059295654
PF00512,PF02518,142,1,-2.990342763209361,34.4715211391449
PF00512,PF02518,172,1,-2.673060845034755,35.199331521987915
PF00512,PF07679,12,1,-4.263648578355646,55.48122262954712
PF00512,PF07679,42,1,-2.8344598511226304,45.52399182319641
PF00512,PF07679,72,1,-2.344012393149644,47.07097768783569
PF00512,PF07679,102,1,-2.3719158823443074,48.34420323371887
PF00512,PF07679,132,1,-1.5524645144080467,50.16191101074219
PF00512,PF07679,162,1,-1.3363477377757667,52.446699380874634
PF00512,PF07679,32,1,-2.969728159654589,53.38641858100891
PF00512,PF07679,62,1,-2.3321391599913674,45.125614643096924
PF00512,PF07679,92,1,-1.5204785868442035,46.38205814361572
PF00512,PF07679,122,1,-1.1801090705313533,47.274728536605835
PF00512,PF07679,152,1,-0.47990962905957774,50.031986474990845
PF00512,PF07679,22,1,-3.6953568933625474,54.85314965248108
PF00512,PF07679,52,1,-3.034840295306884,44.892173051834106
PF00512,PF07679,82,1,-2.9551964390477696,46.002490758895874
PF00512,PF07679,112,1,-2.6460872990312096,46.75641465187073
PF00512,PF07679,142,1,-2.6973268029278517,48.42462515830994
PF00512,PF07679,172,1,-1.9602864041593948,50.201353311538696
PF00595,PF02518,12,1,-3.2510113500939695,67.33502054214478
PF00595,PF02518,42,1,-3.436071745813146,57.2820611000061
PF00595,PF02518,72,1,-2.537483954901436,58.69165110588074
PF00595,PF02518,102,1,-2.1535284611072245,59.951937437057495
PF00595,PF02518,132,1,-1.707017558784617,62.49626898765564
PF00595,PF02518,162,1,-0.877310297133621,63.037033796310425
PF00595,PF02518,192,1,-1.206169382792068,64.97583508491516
PF00595,PF02518,32,1,-2.954673695370126,40.99437355995178
PF00595,PF02518,62,1,-2.2485761954869194,33.83458209037781
PF00595,PF02518,92,1,-1.7111846806694209,34.514657497406006
PF00595,PF02518,122,1,-1.2450265283727435,35.17407035827637
PF00595,PF02518,152,1,-0.6057174683776372,35.98502469062805
PF00595,PF02518,182,1,-0.07229901264290281,36.8442223072052
PF00595,PF02518,22,1,-3.841079621550922,69.12505459785461
PF00595,PF02518,52,1,-3.784366618421888,57.39824366569519
PF00595,PF02518,82,1,-2.5251662440230125,58.19867491722107
PF00595,PF02518,112,1,-2.5250224247710586,60.63051128387451
PF00595,PF02518,142,1,-2.01137032658242,60.355741024017334
PF00595,PF02518,172,1,-2.011422632143471,62.136645793914795
PF00595,PF02518,202,1,-1.5671784371656947,63.318320989608765
PF00595,PF07679,12,1,-3.03319626126286,58.72047781944275
PF00595,PF07679,42,1,-2.699154422415066,48.80909609794617
PF00595,PF07679,72,1,-2.2879766336669287,49.98596930503845
PF00595,PF07679,102,1,-1.6942412737609303,50.78412628173828
PF00595,PF07679,132,1,-1.5423380523893133,52.20016145706177
PF00595,PF07679,162,1,-0.4842489508153714,54.179826974868774
PF00595,PF07679,192,1,-0.12432695302252116,56.07477378845215
PF00595,PF07679,32,1,-2.92967575761695,48.478445291519165
PF00595,PF07679,62,1,-1.9842117696946204,40.99233651161194
PF00595,PF07679,92,1,-1.1260645287948172,42.10731554031372
PF00595,PF07679,122,1,-0.2517391462839041,43.609158992767334
PF00595,PF07679,152,0,0.006894499014537235,44.96477031707764
PF00595,PF07679,182,0,1.0478291850481027,46.30782198905945
PF00595,PF07679,22,1,-3.094761823953208,57.38660931587219
PF00595,PF07679,52,1,-2.8004029425219104,48.190425395965576
PF00595,PF07679,82,1,-2.0844960549175777,49.26009273529053
PF00595,PF07679,112,1,-2.020584906185065,51.39061260223389
PF00595,PF07679,142,1,-1.7811445653669804,51.7056519985199
PF00595,PF07679,172,1,-1.5153316806201695,53.99267792701721
PF00595,PF07679,202,1,-0.9044441135311554,56.67622137069702
PF02518,PF07679,12,1,-4.076735851919546,33.32801604270935
PF02518,PF07679,42,1,-3.0112958350804275,27.50319194793701
PF02518,PF07679,72,1,-2.968568839554945,28.09135103225708
PF02518,PF07679,102,1,-2.49941307621984,28.847644090652466
PF02518,PF07679,132,1,-2.293775876458272,29.40613102912903
PF02518,PF07679,162,1,-1.5436849567705417,30.06317925453186
PF02518,PF07679,192,1,-1.3044254625483045,31.203033685684204
PF02518,PF07679,222,1,-0.9039050558574033,32.17975091934204
PF02518,PF07679,32,1,-3.545444732994925,68.84916520118713
PF02518,PF07679,62,1,-2.7781020552895344,58.221007108688354
PF02518,PF07679,92,1,-2.2862586987125484,60.134979486465454
PF02518,PF07679,122,1,-2.3126448632320584,61.54774022102356
PF02518,PF07679,152,1,-1.4372210746350471,63.43001675605774
PF02518,PF07679,182,1,-1.0311249348079952,64.19698524475098
PF02518,PF07679,212,0,0.1923146553861294,66.2267382144928
PF02518,PF07679,22,1,-3.586892873398298,39.86196422576904
PF02518,PF07679,52,1,-2.775196265276582,32.99916219711304
PF02518,PF07679,82,1,-3.2295696442055206,33.65172863006592
PF02518,PF07679,112,1,-2.7490613046513044,34.48657536506653
PF02518,PF07679,142,1,-2.3053064168583366,35.14044427871704
PF02518,PF07679,172,1,-2.7691187576122864,36.073951959609985
PF02518,PF07679,202,1,-1.902701793449441,36.974931478500366
