permuted,0,PF00072,PF00009,316,1,121,10000000,10000,397282993,0,1.6708993186130983,5825.926387310028
permuted,0,PF00072,PF00009,317,2,121,10000000,10000,718153473,0,0.06000065966815276,5808.424055337906
permuted,0,PF00072,PF00009,318,0,121,10000000,10000,681488592,0,0.9606906537937047,5595.047729253769
permuted,1,PF00072,PF00009,316,1,121,10000000,10000,1444991345,0,0.558302303296558,5604.688512563705
permuted,1,PF00072,PF00009,317,2,121,10000000,10000,1799420097,1,-0.2153465901542456,8782.224033355713
permuted,1,PF00072,PF00009,318,0,121,10000000,10000,1762684688,0,0.21801356925952264,9768.730543613434
permuted,2,PF00072,PF00009,316,1,121,10000000,10000,1338161008,0,1.556534051298322,10257.631967306137
permuted,2,PF00072,PF00009,317,2,121,10000000,10000,1923260096,0,0.9413087037950656,9915.600550174713
permuted,2,PF00072,PF00009,318,0,121,10000000,10000,1894910225,0,0.919677723313399,10445.082920312881
permuted,3,PF00072,PF00009,316,1,121,10000000,10000,239888560,0,2.1585411837500503,8991.478672266006
permuted,3,PF00072,PF00009,317,2,121,10000000,10000,858538240,0,0.390555482891068,4785.911517858505
permuted,3,PF00072,PF00009,318,0,121,10000000,10000,830265041,0,1.3020696742801603,9934.18654680252
permuted,4,PF00072,PF00009,316,1,121,10000000,10000,662142259,0,1.1076932449557526,10630.534504652023
permuted,4,PF00072,PF00009,317,2,121,10000000,10000,437736579,0,0.5449941682277015,9715.980838060379
permuted,4,PF00072,PF00009,318,0,121,10000000,10000,407356242,0,0.82935353824369,10311.61692070961
permuted,5,PF00072,PF00009,316,1,121,10000000,10000,1727636211,0,1.3453866651549535,10416.624228715897
permuted,5,PF00072,PF00009,317,2,121,10000000,10000,1536789315,0,0.4976471398683024,10221.978705644608
permuted,5,PF00072,PF00009,318,0,121,10000000,10000,1506352274,0,0.5292402868724512,5626.539621353149
permuted,6,PF00072,PF00009,316,1,121,10000000,10000,2132526322,0,1.5359880926286813,10440.980991125107
permuted,6,PF00072,PF00009,317,2,121,10000000,10000,1115417922,0,0.4550259809401942,5909.88987493515
permuted,6,PF00072,PF00009,318,0,121,10000000,10000,1076591251,0,0.5994062243741786,9840.867903470993
permuted,7,PF00072,PF00009,316,1,121,10000000,10000,1049959218,0,1.9498816273349575,10323.744508504868
permuted,7,PF00072,PF00009,317,2,121,10000000,10000,66400898,0,1.0702166887561442,5874.7926988601685
permuted,7,PF00072,PF00009,318,0,121,10000000,10000,27632979,0,0.7906675692086709,5575.9566106796265
permuted,8,PF00072,PF00009,316,1,121,10000000,10000,762179572,0,1.4244638512694388,10602.218934297562
permuted,8,PF00072,PF00009,317,2,121,10000000,10000,269338180,0,0.6445063043507264,5501.95166182518
permuted,8,PF00072,PF00009,318,0,121,10000000,10000,308105621,0,1.3267920108714553,10603.34709072113
permuted,9,PF00072,PF00009,316,1,121,10000000,10000,1826828340,0,1.574402192024489,9897.105237960815
permuted,9,PF00072,PF00009,317,2,121,10000000,10000,1367546244,0,0.87818524794644,10510.162740707397
permuted,9,PF00072,PF00009,318,0,121,10000000,10000,1406373461,0,1.4375106695444964,10686.240746736526
permuted,10,PF00072,PF00009,316,1,121,10000000,10000,202064606,0,1.970353792977895,10190.256057739258
permuted,10,PF00072,PF00009,317,2,121,10000000,10000,829123438,0,0.07146219346490557,10128.495108604431
permuted,10,PF00072,PF00009,318,0,121,10000000,10000,859569343,0,0.3984900949722134,9632.045733690262
permuted,11,PF00072,PF00009,316,1,121,10000000,10000,1300602142,0,2.3644727600619593,10550.153579473495
permuted,11,PF00072,PF00009,317,2,121,10000000,10000,1894102190,0,0.9698487352502847,10377.821264266968
permuted,11,PF00072,PF00009,318,0,121,10000000,10000,1924473727,0,1.3369095939814832,10679.645984649658
permuted,12,PF00072,PF00009,316,1,121,10000000,10000,1416100639,0,2.097439248820539,10836.371885061264
permuted,12,PF00072,PF00009,317,2,121,10000000,10000,1762120367,1,-0.16005179728111613,9617.277093410492
permuted,12,PF00072,PF00009,318,0,121,10000000,10000,1800881534,0,0.9217892207159213,10166.493009328842
permuted,13,PF00072,PF00009,316,1,121,10000000,10000,367600863,0,2.13515428733642,9765.282004833221
permuted,13,PF00072,PF00009,317,2,121,10000000,10000,680070511,0,0.3679829811870351,9931.094217538834
permuted,13,PF00072,PF00009,318,0,121,10000000,10000,718903998,0,0.6118897456501466,9859.07314491272
permuted,14,PF00072,PF00009,316,1,121,10000000,10000,1020408156,0,1.700727258791234,10441.308265209198
permuted,14,PF00072,PF00009,317,2,121,10000000,10000,28449004,0,0.2423877018782067,10118.79579091072
permuted,14,PF00072,PF00009,318,0,121,10000000,10000,65179453,0,0.8833886440133468,10344.109355926514
permuted,15,PF00072,PF00009,316,1,121,10000000,10000,2103242396,0,1.8631592730622009,6014.971182107925
permuted,15,PF00072,PF00009,317,2,121,10000000,10000,1077724972,0,0.7784995386331384,4866.11993265152
permuted,15,PF00072,PF00009,318,0,121,10000000,10000,1114394877,0,0.9266364796772705,6047.093343496323
permuted,16,PF00072,PF00009,316,1,121,10000000,10000,1690208413,0,0.9219109394168717,5669.7572729587555
permuted,16,PF00072,PF00009,317,2,121,10000000,10000,1507762477,0,0.5919566648528192,5455.6203789711
permuted,16,PF00072,PF00009,318,0,121,10000000,10000,1536046844,0,0.6297843396588001,5564.043544054031
permuted,17,PF00072,PF00009,316,1,121,10000000,10000,623925085,0,1.551760005034941,6033.126142024994
permuted,17,PF00072,PF00009,317,2,121,10000000,10000,407928557,0,0.6531410273141066,8939.604506492615
permuted,17,PF00072,PF00009,318,0,121,10000000,10000,436267324,0,1.0192720597931508,9100.359071016312
permuted,18,PF00072,PF00009,316,1,121,10000000,10000,919118747,0,1.791017994142522,4910.881560087204
permuted,18,PF00072,PF00009,317,2,121,10000000,10000,195594795,0,0.7798308757781276,9658.571404218674
permuted,18,PF00072,PF00009,318,0,121,10000000,10000,167255546,0,0.7223000198343082,9969.257325649261
permuted,19,PF00072,PF00009,316,1,121,10000000,10000,2001108059,0,1.8371842995108387,9767.603881597519
permuted,19,PF00072,PF00009,317,2,121,10000000,10000,1244026347,0,0.8723627852837721,9799.729356527328
permuted,19,PF00072,PF00009,318,0,121,10000000,10000,1215742522,0,0.8084794902621085,9807.857200622559
permuted,20,PF00072,PF00009,316,1,121,10000000,10000,2073399342,0,2.0846838804035364,9954.468198299408
permuted,20,PF00072,PF00009,317,2,121,10000000,10000,1190508958,0,0.04569672189947008,9527.938773870468
permuted,20,PF00072,PF00009,318,0,121,10000000,10000,1151675983,0,1.273137968512435,9623.41406917572
permuted,21,PF00072,PF00009,316,1,121,10000000,10000,974868462,0,1.2540759836875344,9960.835919857025
permuted,21,PF00072,PF00009,317,2,121,10000000,10000,125527646,1,-0.009803301589286799,9612.559668064117
permuted,21,PF00072,PF00009,318,0,121,10000000,10000,86765967,0,1.1195746914327287,9945.151448249817
permuted,22,PF00072,PF00009,316,1,121,10000000,10000,603531759,0,1.7908964819415494,9768.840040922165
permuted,22,PF00072,PF00009,317,2,121,10000000,10000,513343583,0,0.6272242382696142,9639.743245124817
permuted,22,PF00072,PF00009,318,0,121,10000000,10000,482973582,0,0.8294170420143883,9815.458448171616
permuted,23,PF00072,PF00009,316,1,121,10000000,10000,1652028975,0,1.1077541681366483,9827.671634674072
permuted,23,PF00072,PF00009,317,2,121,10000000,10000,1595400095,0,0.22448494550405163,9509.668043136597
permuted,23,PF00072,PF00009,318,0,121,10000000,10000,1564952654,0,0.9444000250813922,9562.366560697556
permuted,24,PF00072,PF00009,316,1,121,10000000,10000,1263330220,0,2.2224053357704987,10508.94607424736
permuted,24,PF00072,PF00009,317,2,121,10000000,10000,1982646812,0,0.41203309818237543,9564.93212723732
permuted,24,PF00072,PF00009,318,0,121,10000000,10000,1954307533,0,0.6098688237359996,5572.5734603405
permuted,25,PF00072,PF00009,316,1,121,10000000,10000,180501612,0,1.1918175770440007,10453.592925310135
permuted,25,PF00072,PF00009,317,2,121,10000000,10000,933369308,1,-0.22320644455990438,10394.70632982254
permuted,25,PF00072,PF00009,318,0,121,10000000,10000,905085453,0,1.0697365214438823,5630.689035654068
permuted,26,PF00072,PF00009,316,1,121,10000000,10000,320887405,0,2.4611296223506454,5609.26226234436
permuted,26,PF00072,PF00009,317,2,121,10000000,10000,775975901,0,0.7169047445842021,10159.046653985977
permuted,26,PF00072,PF00009,318,0,121,10000000,10000,739304460,0,0.9268871804752286,10567.750696182251
permuted,27,PF00072,PF00009,316,1,121,10000000,10000,1387169197,0,2.2251568665437462,10543.680039644241
permuted,27,PF00072,PF00009,317,2,121,10000000,10000,1875815453,0,0.4669171568133849,10623.53476023674
permuted,27,PF00072,PF00009,318,0,121,10000000,10000,1839086540,0,0.7440699828421138,10557.925142765045
permuted,28,PF00072,PF00009,316,1,121,10000000,10000,1096184171,0,1.7217795391619213,10403.351934194565
permuted,28,PF00072,PF00009,317,2,121,10000000,10000,2083936475,0,0.0703536236126937,10249.75197148323
permuted,28,PF00072,PF00009,318,0,121,10000000,10000,2120666890,0,1.4710899953220085,10536.38503742218
permuted,29,PF00072,PF00009,316,1,121,10000000,10000,14200491,0,1.9791227102482032,5870.920322418213
permuted,29,PF00072,PF00009,317,2,121,10000000,10000,1035503387,0,0.7411133636114086,10449.003980398178
permuted,29,PF00072,PF00009,318,0,121,10000000,10000,1072173258,0,0.8577164517615283,10559.77494597435
scrambled,0,PF00072,PF00009,316,1,121,10000000,10000,623596810,0,0.24564975884041734,12131.36054611206
scrambled,0,PF00072,PF00009,317,2,121,10000000,10000,407600314,0,0.5957644397802089,12217.066956996918
scrambled,0,PF00072,PF00009,318,0,121,10000000,10000,438037355,0,1.4477395854277233,11209.450217962265
scrambled,1,PF00072,PF00009,316,1,121,10000000,10000,1688570570,1,-0.12123082176664397,11916.61774468422
scrambled,1,PF00072,PF00009,317,2,121,10000000,10000,1506124666,0,0.21391748888848366,10973.780543804169
scrambled,1,PF00072,PF00009,318,0,121,10000000,10000,1536505003,0,0.936989347118717,5380.225260734558
scrambled,2,PF00072,PF00009,316,1,121,10000000,10000,2101865675,0,0.2627217031475321,10169.051461696625
scrambled,2,PF00072,PF00009,317,2,121,10000000,10000,1076348283,1,-0.008315487456891112,6078.676429986954
scrambled,2,PF00072,PF00009,318,0,121,10000000,10000,1115116202,0,0.5608471936423808,6302.233800649643
scrambled,3,PF00072,PF00009,316,1,121,10000000,10000,1019818763,0,0.7746845006458644,6454.053480863571
scrambled,3,PF00072,PF00009,317,2,121,10000000,10000,27859643,0,1.0018082102226065,6725.7190062999725
scrambled,3,PF00072,PF00009,318,0,121,10000000,10000,66686314,0,1.95666130786666,6766.16791677475
scrambled,4,PF00072,PF00009,316,1,121,10000000,10000,368191112,0,0.4815253971443877,11022.388207435608
scrambled,4,PF00072,PF00009,317,2,121,10000000,10000,680660792,0,0.4733634789667363,9926.423186540604
scrambled,4,PF00072,PF00009,318,0,121,10000000,10000,717396201,0,0.8347246873074212,11001.515933036804
scrambled,5,PF00072,PF00009,316,1,121,10000000,10000,1417476424,0,0.22639789134712812,10890.438328504562
scrambled,5,PF00072,PF00009,317,2,121,10000000,10000,1763496184,0,0.15700385302569161,10567.36051774025
scrambled,5,PF00072,PF00009,318,0,121,10000000,10000,1800161065,0,1.1879782432042865,11048.230377912521
scrambled,6,PF00072,PF00009,316,1,121,10000000,10000,1302241097,1,-0.08011734042060988,5702.70410323143
scrambled,6,PF00072,PF00009,317,2,121,10000000,10000,1895741177,1,-0.1404094240397965,10894.200718641281
scrambled,6,PF00072,PF00009,318,0,121,10000000,10000,1924014376,0,0.46268832586549513,11081.874927043915
scrambled,7,PF00072,PF00009,316,1,121,10000000,10000,202391689,0,0.3911622260019719,11911.5650203228
scrambled,7,PF00072,PF00009,317,2,121,10000000,10000,829450553,0,0.7488365448955627,11313.100799560547
scrambled,7,PF00072,PF00009,318,0,121,10000000,10000,857800424,0,1.4282596224361128,11893.817300319672
scrambled,8,PF00072,PF00009,316,1,121,10000000,10000,535344207,0,0.5293754305509574,11590.148537158966
scrambled,8,PF00072,PF00009,317,2,121,10000000,10000,579378687,0,0.5584586595978608,11380.17109298706
scrambled,8,PF00072,PF00009,318,0,121,10000000,10000,551029294,0,0.8232937251584822,10742.44607257843
scrambled,9,PF00072,PF00009,316,1,121,10000000,10000,1583770511,1,-0.4055684838240748,11154.045558452606
scrambled,9,PF00072,PF00009,317,2,121,10000000,10000,1661354559,0,0.5086846782328601,10846.016218423843
scrambled,9,PF00072,PF00009,318,0,121,10000000,10000,1633080814,0,0.8299616786296901,10939.740308046341
scrambled,10,PF00072,PF00009,316,1,121,10000000,10000,1049500005,0,0.9617303985566359,12009.140134334564
scrambled,10,PF00072,PF00009,317,2,121,10000000,10000,65941717,0,0.8308796858903881,11720.055974721909
scrambled,10,PF00072,PF00009,318,0,121,10000000,10000,29271812,0,1.7668692747189452,11761.876122236252
scrambled,11,PF00072,PF00009,316,1,121,10000000,10000,2130757285,0,0.49554810721118236,11757.885866880417
scrambled,11,PF00072,PF00009,317,2,121,10000000,10000,1113648917,0,0.5146025984454587,11749.408309936523
scrambled,11,PF00072,PF00009,318,0,121,10000000,10000,1076918468,0,1.72666527897724,10820.315743923187
scrambled,12,PF00072,PF00009,316,1,121,10000000,10000,1726128292,0,0.30738551392645147,11432.776093959808
scrambled,12,PF00072,PF00009,317,2,121,10000000,10000,1535281428,0,0.3890493433890413,11312.73803806305
scrambled,12,PF00072,PF00009,318,0,121,10000000,10000,1506942661,0,0.7918842714307754,11443.90309548378
scrambled,13,PF00072,PF00009,316,1,121,10000000,10000,661421924,0,0.8631487751585644,11118.142350673676
scrambled,13,PF00072,PF00009,317,2,121,10000000,10000,437016276,0,0.5938110454723295,11073.376156330109
scrambled,13,PF00072,PF00009,318,0,121,10000000,10000,408731909,0,1.8347387173186864,6315.0965077877045
scrambled,14,PF00072,PF00009,316,1,121,10000000,10000,240610023,0,0.5648224495857361,10711.086091041565
scrambled,14,PF00072,PF00009,317,2,121,10000000,10000,859259735,0,0.3641412144031787,11579.238229513168
scrambled,14,PF00072,PF00009,318,0,121,10000000,10000,828888198,0,0.8156111868368139,11260.716316223145
scrambled,15,PF00072,PF00009,316,1,121,10000000,10000,1339667751,0,0.08946435050750369,12160.900759220123
scrambled,15,PF00072,PF00009,317,2,121,10000000,10000,1924766871,1,-0.007206444627526789,11830.310180902481
scrambled,15,PF00072,PF00009,318,0,121,10000000,10000,1894320966,0,0.8998180903415608,12064.39423942566
scrambled,16,PF00072,PF00009,316,1,121,10000000,10000,1446761254,0,0.2501413359014946,11847.385235071182
scrambled,16,PF00072,PF00009,317,2,121,10000000,10000,1801190038,0,0.13517512660214626,11663.358303070068
scrambled,16,PF00072,PF00009,318,0,121,10000000,10000,1762356551,0,0.822776258054995,11698.398708820343
scrambled,17,PF00072,PF00009,316,1,121,10000000,10000,397741286,0,0.13746237389483093,11792.569377183914
scrambled,17,PF00072,PF00009,317,2,121,10000000,10000,718611798,1,-0.1197008825365782,6519.76438331604
scrambled,17,PF00072,PF00009,318,0,121,10000000,10000,679850631,0,0.04433500195811234,5396.693671703339
scrambled,18,PF00072,PF00009,316,1,121,10000000,10000,72218656,0,0.42243806106165355,6332.804432153702
scrambled,18,PF00072,PF00009,317,2,121,10000000,10000,959304080,0,0.7938499378864214,6127.044668674469
scrambled,18,PF00072,PF00009,318,0,121,10000000,10000,998065729,0,1.520991497734014,6326.261229991913
scrambled,19,PF00072,PF00009,316,1,121,10000000,10000,1170417632,0,0.552555741138865,6697.224514961243
scrambled,19,PF00072,PF00009,317,2,121,10000000,10000,2023951952,0,0.6761687492048181,10182.271356344223
scrambled,19,PF00072,PF00009,318,0,121,10000000,10000,2062784897,0,1.0780677720696181,10152.110753536224
scrambled,20,PF00072,PF00009,316,1,121,10000000,10000,1225837461,0,0.28158112167165306,6629.093097925186
scrambled,20,PF00072,PF00009,317,2,121,10000000,10000,1953554981,0,0.050616077824854624,11017.815680980682
scrambled,20,PF00072,PF00009,318,0,121,10000000,10000,1981838836,0,1.1290548579011404,11021.103085756302
scrambled,21,PF00072,PF00009,316,1,121,10000000,10000,144577621,0,0.7011715525074331,11180.465406417847
scrambled,21,PF00072,PF00009,317,2,121,10000000,10000,905854437,0,0.7859145289128489,5572.194066762924
scrambled,21,PF00072,PF00009,318,0,121,10000000,10000,934193716,0,1.1893637853687098,11249.06430363655
scrambled,22,PF00072,PF00009,316,1,121,10000000,10000,293368404,0,0.05147983097202508,10946.775317668915
scrambled,22,PF00072,PF00009,317,2,121,10000000,10000,740056036,0,0.865878752471997,10759.391641378403
scrambled,22,PF00072,PF00009,318,0,121,10000000,10000,776784949,0,1.14741924771542,10810.981162548065
scrambled,23,PF00072,PF00009,316,1,121,10000000,10000,1358081428,0,0.9603415770376601,10862.349244117737
scrambled,23,PF00072,PF00009,317,2,121,10000000,10000,1838318628,0,0.8370890218878423,10708.736546993256
scrambled,23,PF00072,PF00009,318,0,121,10000000,10000,1874990069,0,2.1852876641454726,10860.58989739418
scrambled,24,PF00072,PF00009,316,1,121,10000000,10000,2043262999,0,0.22424899180591146,11544.730389595032
scrambled,24,PF00072,PF00009,317,2,121,10000000,10000,1151963559,0,0.7821784221741287,10745.971455097198
scrambled,24,PF00072,PF00009,318,0,121,10000000,10000,1190725238,0,1.0809658640941644,11233.309580087662
scrambled,25,PF00072,PF00009,316,1,121,10000000,10000,944203735,1,-0.07836489520198928,11015.984183311462
scrambled,25,PF00072,PF00009,317,2,121,10000000,10000,86462055,0,0.5832484383246986,10792.425266981125
scrambled,25,PF00072,PF00009,318,0,121,10000000,10000,125295030,0,1.4517344486003672,11055.069856405258
scrambled,26,PF00072,PF00009,316,1,121,10000000,10000,564462038,0,0.11637650908370893,10986.478674173355
scrambled,26,PF00072,PF00009,317,2,121,10000000,10000,482682982,0,0.257784407623214,11074.110944747925
scrambled,26,PF00072,PF00009,318,0,121,10000000,10000,513130423,0,1.5830651952110433,11498.714582443237
scrambled,27,PF00072,PF00009,316,1,121,10000000,10000,1613487638,1,-0.4308217886172366,11798.991878271103
scrambled,27,PF00072,PF00009,317,2,121,10000000,10000,1565259686,1,-0.2952170566446135,11747.76189994812
scrambled,27,PF00072,PF00009,318,0,121,10000000,10000,1595629687,1,-0.017821643475035235,11911.354466199875
scrambled,28,PF00072,PF00009,316,1,121,10000000,10000,1943218896,0,0.023133187652655582,11668.268739461899
scrambled,28,PF00072,PF00009,317,2,121,10000000,10000,1320354656,0,0.33877092568311884,11806.181765794754
scrambled,28,PF00072,PF00009,318,0,121,10000000,10000,1289983153,0,0.5136526796485054,11597.471977472305
scrambled,29,PF00072,PF00009,316,1,121,10000000,10000,845018384,1,-0.08283667164060683,11142.998202323914
scrambled,29,PF00072,PF00009,317,2,121,10000000,10000,255712416,1,-0.21633137185302434,11357.672832250595
scrambled,29,PF00072,PF00009,318,0,121,10000000,10000,225266545,0,0.4631812201587125,11167.712378263474
shuffled,0,PF00072,PF00009,316,1,121,10000000,10000,2026915716,1,-0.34514582431947893,6627.330036640167
shuffled,0,PF00072,PF00009,317,2,121,10000000,10000,1169190452,1,-0.8570939182778591,11880.229947566986
shuffled,0,PF00072,PF00009,318,0,121,10000000,10000,1205926373,1,-0.06679757928176482,12255.817220926285
shuffled,1,PF00072,PF00009,316,1,121,10000000,10000,962500676,1,-0.7159919622472107,10987.201712369919
shuffled,1,PF00072,PF00009,317,2,121,10000000,10000,71217652,1,-0.6028512820348844,11118.226306438446
shuffled,1,PF00072,PF00009,318,0,121,10000000,10000,107882021,0,0.34580356672709983,11968.01467013359
shuffled,2,PF00072,PF00009,316,1,121,10000000,10000,549256773,1,-0.7869215027893559,6148.638375520706
shuffled,2,PF00072,PF00009,317,2,121,10000000,10000,501012469,1,-0.5240827685164661,11563.586952924728
shuffled,2,PF00072,PF00009,318,0,121,10000000,10000,529285156,0,0.2065247330831598,10768.150247335434
shuffled,3,PF00072,PF00009,316,1,121,10000000,10000,1630675333,1,-1.0285347606087833,5414.456632852554
shuffled,3,PF00072,PF00009,317,2,121,10000000,10000,1548879925,1,-0.5995332317680188,10934.827867746353
shuffled,3,PF00072,PF00009,318,0,121,10000000,10000,1577230308,1,-0.040022450475870046,10997.736962556839
shuffled,4,PF00072,PF00009,316,1,121,10000000,10000,1208562694,1,-0.37802717841059236,6198.75580573082
shuffled,4,PF00072,PF00009,317,2,121,10000000,10000,1969823158,1,-0.6542550935480657,6089.152992486954
shuffled,4,PF00072,PF00009,318,0,121,10000000,10000,2000259687,1,-0.16402969228573508,11769.2251060009
shuffled,5,PF00072,PF00009,316,1,121,10000000,10000,159902662,1,-0.8179733994336807,12061.955923080444
shuffled,5,PF00072,PF00009,317,2,121,10000000,10000,887603830,1,-0.43057312047340907,11876.200711011887
shuffled,5,PF00072,PF00009,318,0,121,10000000,10000,917984679,0,0.013891588229315703,12029.39206457138
shuffled,6,PF00072,PF00009,316,1,121,10000000,10000,275090887,1,-0.5529689046314971,11935.807046890259
shuffled,6,PF00072,PF00009,317,2,121,10000000,10000,755344503,1,-0.5337006663608889,11681.184154510498
shuffled,6,PF00072,PF00009,318,0,121,10000000,10000,794112934,0,0.04806048917666796,10746.92002916336
shuffled,7,PF00072,PF00009,316,1,121,10000000,10000,1374376455,1,-0.6370402172238172,12125.02754163742
shuffled,7,PF00072,PF00009,317,2,121,10000000,10000,1821080503,1,-0.3828769305693305,10178.685110092163
shuffled,7,PF00072,PF00009,318,0,121,10000000,10000,1859906662,0,0.2740973514967295,12028.583122253418
shuffled,8,PF00072,PF00009,316,1,121,10000000,10000,1108584129,1,-0.3606374954955986,11056.649483203888
shuffled,8,PF00072,PF00009,317,2,121,10000000,10000,2138279793,1,-0.6387584785818848,10982.188174724579
shuffled,8,PF00072,PF00009,318,0,121,10000000,10000,2099452064,0,0.49623658526547165,12045.07444357872
shuffled,9,PF00072,PF00009,316,1,121,10000000,10000,60651777,1,-0.7411509549602846,11699.779574155807
shuffled,9,PF00072,PF00009,317,2,121,10000000,10000,1056788657,1,-0.5740338933740535,11072.670278549194
shuffled,9,PF00072,PF00009,318,0,121,10000000,10000,1018021728,0,0.22111658068475712,10771.432155370712
shuffled,10,PF00072,PF00009,316,1,121,10000000,10000,1668615147,1,-0.4588735724142454,11352.218577861786
shuffled,10,PF00072,PF00009,317,2,121,10000000,10000,1578443355,1,-0.6677566809215857,11922.17681646347
shuffled,10,PF00072,PF00009,318,0,121,10000000,10000,1548072330,0,0.2756222710167608,11999.728391170502
shuffled,11,PF00072,PF00009,316,1,121,10000000,10000,586929195,1,-0.741216970541062,11993.323503017426
shuffled,11,PF00072,PF00009,317,2,121,10000000,10000,530316699,1,-0.6840150904683646,11720.862338066101
shuffled,11,PF00072,PF00009,318,0,121,10000000,10000,499870282,1,-0.20395212188707637,10975.487704753876
shuffled,12,PF00072,PF00009,316,1,121,10000000,10000,991539754,1,-0.5982159860923737,11892.268158197403
shuffled,12,PF00072,PF00009,317,2,121,10000000,10000,108632986,1,-0.4802104703039317,10875.933626413345
shuffled,12,PF00072,PF00009,318,0,121,10000000,10000,69798987,1,-0.0514654510010815,10904.66258096695
shuffled,13,PF00072,PF00009,316,1,121,10000000,10000,2056744426,1,-0.6271217541880644,11126.032201766968
shuffled,13,PF00072,PF00009,317,2,121,10000000,10000,1207387226,1,-0.508149501795023,11856.317075967789
shuffled,13,PF00072,PF00009,318,0,121,10000000,10000,1168626571,1,-0.24448297605392125,11367.031785011292
shuffled,14,PF00072,PF00009,316,1,121,10000000,10000,1403811945,1,-0.6673872804748076,11025.700562477112
shuffled,14,PF00072,PF00009,317,2,121,10000000,10000,1858884057,1,-0.42040700498205036,6769.568981170654
shuffled,14,PF00072,PF00009,318,0,121,10000000,10000,1822213640,0,0.07579882412948946,5408.123765945435
shuffled,15,PF00072,PF00009,316,1,121,10000000,10000,304261033,1,-0.871841235348302,10231.77025794983
shuffled,15,PF00072,PF00009,317,2,121,10000000,10000,792890905,1,-0.422048883885679,10141.84987282753
shuffled,15,PF00072,PF00009,318,0,121,10000000,10000,756160968,0,0.17994709143588097,5477.931885004044
shuffled,16,PF00072,PF00009,316,1,121,10000000,10000,197181864,1,-0.4862270455088823,10956.640841007233
shuffled,16,PF00072,PF00009,317,2,121,10000000,10000,916514840,1,-0.14723134951651218,10867.527534723282
shuffled,16,PF00072,PF00009,318,0,121,10000000,10000,888176585,1,-0.29448556250486413,10724.325226306915
shuffled,17,PF00072,PF00009,316,1,121,10000000,10000,1246633576,1,-0.5626651018206977,11058.565227270126
shuffled,17,PF00072,PF00009,317,2,121,10000000,10000,1999517656,1,-0.7448863275600628,11057.045416116714
shuffled,17,PF00072,PF00009,318,0,121,10000000,10000,1971232777,1,-0.38220977010759677,11041.077087163925
shuffled,18,PF00072,PF00009,316,1,121,10000000,10000,1505159854,1,-0.7717141441915958,6139.815635204315
shuffled,18,PF00072,PF00009,317,2,121,10000000,10000,1691796254,1,-0.5222060223875461,10909.362894296646
shuffled,18,PF00072,PF00009,318,0,121,10000000,10000,1720079567,0,0.27807296264264003,10837.064596891403
shuffled,19,PF00072,PF00009,316,1,121,10000000,10000,406336878,1,-0.5931689804293826,11119.240721225739
shuffled,19,PF00072,PF00009,317,2,121,10000000,10000,626531550,1,-0.5322959904041158,11096.560179710388
shuffled,19,PF00072,PF00009,318,0,121,10000000,10000,654871311,0,0.302759207514493,11286.922016620636
shuffled,20,PF00072,PF00009,316,1,121,10000000,10000,351000859,1,-0.6357319593892993,11552.757043361664
shuffled,20,PF00072,PF00009,317,2,121,10000000,10000,697036971,1,-0.6697353827497715,6225.923310518265
shuffled,20,PF00072,PF00009,318,0,121,10000000,10000,735799162,0,0.1515189141312505,11069.037737607956
shuffled,21,PF00072,PF00009,316,1,121,10000000,10000,1432684251,1,-0.7026146832056305,11316.211431264877
shuffled,21,PF00072,PF00009,317,2,121,10000000,10000,1745170283,1,-0.4591639832780511,11042.529824256897
shuffled,21,PF00072,PF00009,318,0,121,10000000,10000,1784002746,0,0.12488508914565095,11206.526163101196
shuffled,22,PF00072,PF00009,316,1,121,10000000,10000,1283940570,1,-1.0770163280529166,11170.809298753738
shuffled,22,PF00072,PF00009,317,2,121,10000000,10000,1910983018,1,-0.6863672969270195,11147.315762519836
shuffled,22,PF00072,PF00009,318,0,121,10000000,10000,1941429947,0,0.06688421772610549,6257.154866695404
shuffled,23,PF00072,PF00009,316,1,121,10000000,10000,218742554,1,-0.43625487467889856,12011.793064594269
shuffled,23,PF00072,PF00009,317,2,121,10000000,10000,812226218,1,-0.444305974121401,11831.688902378082
shuffled,23,PF00072,PF00009,318,0,121,10000000,10000,842596731,0,0.9422163124244318,12310.235100746155
shuffled,24,PF00072,PF00009,316,1,121,10000000,10000,607300249,1,-0.4217107707097629,11799.785099029541
shuffled,24,PF00072,PF00009,317,2,121,10000000,10000,424837929,1,-0.5291755224885961,11845.621407985687
shuffled,24,PF00072,PF00009,318,0,121,10000000,10000,453121272,1,-0.16615961473942326,12030.500654697418
shuffled,25,PF00072,PF00009,316,1,121,10000000,10000,1706849625,1,-0.3306660050914179,11766.05181646347
shuffled,25,PF00072,PF00009,317,2,121,10000000,10000,1490836713,1,-0.7906974639316635,11540.06210899353
shuffled,25,PF00072,PF00009,318,0,121,10000000,10000,1519176504,0,0.4703510726704331,12069.156016349792
shuffled,26,PF00072,PF00009,316,1,121,10000000,10000,2086540120,1,-0.8051340042399947,12259.354611635208
shuffled,26,PF00072,PF00009,317,2,121,10000000,10000,1094597352,1,-0.491283108450584,6792.46479511261
shuffled,26,PF00072,PF00009,318,0,121,10000000,10000,1131326777,0,0.6149009586857681,12160.188230514526
shuffled,27,PF00072,PF00009,316,1,121,10000000,10000,1037094040,1,-0.8043002529184377,12014.924486875534
shuffled,27,PF00072,PF00009,317,2,121,10000000,10000,11593000,1,-0.2868792361618802,12444.150923967361
shuffled,27,PF00072,PF00009,318,0,121,10000000,10000,48263929,0,0.05090545690474681,12109.359300851822
shuffled,28,PF00072,PF00009,316,1,121,10000000,10000,774387806,1,-0.8001026475909588,12311.240640878677
shuffled,28,PF00072,PF00009,317,2,121,10000000,10000,323490286,1,-0.5613903296628939,12124.53317785263
shuffled,28,PF00072,PF00009,318,0,121,10000000,10000,286819903,0,0.22753485062213516,12254.664017677307
shuffled,29,PF00072,PF00009,316,1,121,10000000,10000,1873209246,1,-0.7866909439569278,11939.43603181839
shuffled,29,PF00072,PF00009,317,2,121,10000000,10000,1388760622,1,-0.7506617836529663,11935.689439535141
shuffled,29,PF00072,PF00009,318,0,121,10000000,10000,1352030719,0,0.26769194002122426,11973.253318548203
standard,-1,PF00072,PF00009,316,1,121,10000000,10000,1413796970,0,1.1016505280462987,9635.029817342758
standard,-1,PF00072,PF00009,317,2,121,10000000,10000,1764031962,1,-0.7861935593565775,8644.6476521492
standard,-1,PF00072,PF00009,318,0,121,10000000,10000,1802791435,0,0.4893399308754965,5939.511202335358
permuted,0,PF00076,PF00017,169,1,121,10000000,10000,693460027,0,2.114569858756133,4269.3640830516815
permuted,0,PF00076,PF00017,170,2,121,10000000,10000,1863970287,0,0.037228121415937426,4169.551141500473
permuted,0,PF00076,PF00017,171,0,121,10000000,10000,1383711839,0,0.7597735681908138,4297.594339609146
permuted,1,PF00076,PF00017,169,1,121,10000000,10000,1759216635,0,1.40009550704685,4202.164341211319
permuted,1,PF00076,PF00017,170,2,121,10000000,10000,781660719,0,0.4578224730045418,4010.1069374084473
permuted,1,PF00076,PF00017,171,0,121,10000000,10000,334961567,0,0.9133562251470676,4191.358795642853
permuted,2,PF00076,PF00017,169,1,121,10000000,10000,1899619834,0,1.9348777731758982,3689.103420972824
permuted,2,PF00076,PF00017,170,2,121,10000000,10000,930436142,0,0.6806321462505284,2432.406992673874
permuted,2,PF00076,PF00017,171,0,121,10000000,10000,169180574,0,1.5142015527580281,3690.204653739929
permuted,3,PF00076,PF00017,169,1,121,10000000,10000,817314362,0,2.2423356147643316,4166.292394161224
permuted,3,PF00076,PF00017,170,2,121,10000000,10000,1996196846,0,0.596400706471486,4131.0765788555145
permuted,3,PF00076,PF00017,171,0,121,10000000,10000,1268490846,0,0.593785557891938,4256.07076215744
permuted,4,PF00076,PF00017,169,1,121,10000000,10000,428617657,0,1.736464067733898,4176.332037448883
permuted,4,PF00076,PF00017,170,2,121,10000000,10000,1606458989,0,0.3828889273328353,2394.7491047382355
permuted,4,PF00076,PF00017,171,0,121,10000000,10000,1654699997,0,0.862519363887698,2488.2771129608154
permuted,5,PF00076,PF00017,169,1,121,10000000,10000,1476587641,0,1.7059831954768645,4232.422994375229
permuted,5,PF00076,PF00017,170,2,121,10000000,10000,508445101,0,0.3870593719752666,4132.48446393013
permuted,5,PF00076,PF00017,171,0,121,10000000,10000,590243869,0,0.17511821667167476,4284.142516851425
permuted,6,PF00076,PF00017,169,1,121,10000000,10000,1105237624,0,1.9010128107806434,4269.694979667664
permuted,6,PF00076,PF00017,170,2,121,10000000,10000,128722860,0,0.3952765624443929,2425.13662481308
permuted,6,PF00076,PF00017,171,0,121,10000000,10000,986451484,0,0.5597363121556314,4223.637733697891
permuted,7,PF00076,PF00017,169,1,121,10000000,10000,7227832,0,2.256580093143671,2475.4617714881897
permuted,7,PF00076,PF00017,170,2,121,10000000,10000,1176696940,0,1.220202315902852,4276.897061347961
permuted,7,PF00076,PF00017,171,0,121,10000000,10000,2067976668,0,0.6617349489859184,2034.5118119716644
permuted,8,PF00076,PF00017,169,1,121,10000000,10000,328646014,0,1.3885368955285364,4259.196626901627
permuted,8,PF00076,PF00017,170,2,121,10000000,10000,1440353450,0,0.8168508595936179,4259.636843442917
permuted,8,PF00076,PF00017,171,0,121,10000000,10000,1757029658,0,1.090676397717431,2446.895442724228
permuted,9,PF00076,PF00017,169,1,121,10000000,10000,1377329854,0,1.4262425641943253,4237.402204036713
permuted,9,PF00076,PF00017,170,2,121,10000000,10000,341103466,0,0.6831807896231119,4302.2633810043335
permuted,9,PF00076,PF00017,171,0,121,10000000,10000,691337946,0,0.5015584642657176,4308.712117195129
permuted,10,PF00076,PF00017,169,1,121,10000000,10000,854593620,0,2.668297418947846,4337.689736604691
permuted,10,PF00076,PF00017,170,2,121,10000000,10000,1958519168,0,0.14637618049367443,2351.276702642441
permuted,10,PF00076,PF00017,171,0,121,10000000,10000,1239189552,0,0.4121653017411719,4219.043522357941
permuted,11,PF00076,PF00017,169,1,121,10000000,10000,1937690516,0,2.687089898939184,4248.387802362442
permuted,11,PF00076,PF00017,170,2,121,10000000,10000,892501568,0,1.0675686456746747,4250.090489387512
permuted,11,PF00076,PF00017,171,0,121,10000000,10000,139614192,0,1.109361395732114,2459.006988286972
permuted,12,PF00076,PF00017,169,1,121,10000000,10000,1788651925,0,2.675311435346296,4210.162179946899
permuted,12,PF00076,PF00017,170,2,121,10000000,10000,751835201,0,0.6598565334046521,4163.171312093735
permuted,12,PF00076,PF00017,171,0,121,10000000,10000,296759793,0,0.9973335042657988,4288.890290260315
permuted,13,PF00076,PF00017,169,1,121,10000000,10000,722630229,0,2.203171517723363,4161.73970413208
permuted,13,PF00076,PF00017,170,2,121,10000000,10000,1834928001,0,0.5291809388448655,3615.7274780273438
permuted,13,PF00076,PF00017,171,0,121,10000000,10000,1346301489,0,0.6257290098632977,2425.2322142124176
permuted,14,PF00076,PF00017,169,1,121,10000000,10000,36266966,0,1.9177681114358944,4196.178743362427
permuted,14,PF00076,PF00017,170,2,121,10000000,10000,1147523586,0,0.38308994148747205,4183.711510896683
permuted,14,PF00076,PF00017,171,0,121,10000000,10000,2030435250,0,0.5941076643086602,2026.8782892227173
permuted,15,PF00076,PF00017,169,1,121,10000000,10000,1135066134,0,2.144478703354991,4324.350275278091
permuted,15,PF00076,PF00017,170,2,121,10000000,10000,99290562,0,0.7333194503174996,4205.812787294388
permuted,15,PF00076,PF00017,171,0,121,10000000,10000,948642930,0,1.185288310441153,4240.665158033371
permuted,16,PF00076,PF00017,169,1,121,10000000,10000,1514527255,0,2.0798505556398856,2402.3735361099243
permuted,16,PF00076,PF00017,170,2,121,10000000,10000,470379459,0,0.44201782562015024,2428.0981266498566
permuted,16,PF00076,PF00017,171,0,121,10000000,10000,560546419,0,0.60259766447572,2472.2560250759125
permuted,17,PF00076,PF00017,169,1,121,10000000,10000,466290135,0,2.108642930520589,4253.450553178787
permuted,17,PF00076,PF00017,170,2,121,10000000,10000,1569174531,0,0.12397881333812973,4142.149840593338
permuted,17,PF00076,PF00017,171,0,121,10000000,10000,1625791923,0,1.3894954868188654,4290.714481592178
permuted,18,PF00076,PF00017,169,1,121,10000000,10000,137621777,0,2.049680306810442,2389.64684009552
permuted,18,PF00076,PF00017,170,2,121,10000000,10000,1316962501,0,0.18640674518244463,4111.409561634064
permuted,18,PF00076,PF00017,171,0,121,10000000,10000,1931438453,0,1.1617333035890773,4137.400539159775
permuted,19,PF00076,PF00017,169,1,121,10000000,10000,1237135057,0,2.493648239232352,4155.694271326065
permuted,19,PF00076,PF00017,170,2,121,10000000,10000,267493125,0,0.8503973081715068,4120.5599138736725
permuted,19,PF00076,PF00017,171,0,121,10000000,10000,848410293,0,0.718417769406109,2431.834858894348
permuted,20,PF00076,PF00017,169,1,121,10000000,10000,1164886692,0,1.9775515448854486,4091.7724351882935
permuted,20,PF00076,PF00017,170,2,121,10000000,10000,52589424,0,0.15797439047461173,4044.271067380905
permuted,20,PF00076,PF00017,171,0,121,10000000,10000,1044536000,0,1.162975951643234,4231.992935419083
permuted,21,PF00076,PF00017,169,1,121,10000000,10000,81796452,0,2.18992275198315,4174.365928411484
permuted,21,PF00076,PF00017,170,2,121,10000000,10000,1118612656,1,-0.036675982858811476,1997.1962306499481
permuted,21,PF00076,PF00017,171,0,121,10000000,10000,2144109824,0,0.8873534248327772,4266.6179711818695
permuted,22,PF00076,PF00017,169,1,121,10000000,10000,486701925,0,2.2876174628005503,3727.0018763542175
permuted,22,PF00076,PF00017,170,2,121,10000000,10000,1531890353,0,1.1629235793041117,3565.0480358600616
permuted,22,PF00076,PF00017,171,0,121,10000000,10000,1714348801,0,1.5960976166796144,4463.040604829788
permuted,23,PF00076,PF00017,169,1,121,10000000,10000,1552721061,0,1.6556057738242191,4079.9652082920074
permuted,23,PF00076,PF00017,170,2,121,10000000,10000,448796017,0,0.06759620166661202,4070.07324051857
permuted,23,PF00076,PF00017,171,0,121,10000000,10000,664812737,0,0.8229332677568845,4212.00682592392
permuted,24,PF00076,PF00017,169,1,121,10000000,10000,1974972710,0,2.7842925662513784,2475.2458741664886
permuted,24,PF00076,PF00017,170,2,121,10000000,10000,872087794,0,0.5824902479578744,4040.1454679965973
permuted,24,PF00076,PF00017,171,0,121,10000000,10000,245049666,0,1.0497961686425707,2384.686099052429
permuted,25,PF00076,PF00017,169,1,121,10000000,10000,876179174,0,2.03600943615084,2442.572453737259
permuted,25,PF00076,PF00017,170,2,121,10000000,10000,1920327474,0,0.4756167844920066,2410.4817254543304
permuted,25,PF00076,PF00017,171,0,121,10000000,10000,1326839426,0,1.4283881101748723,2081.661352157593
permuted,26,PF00076,PF00017,169,1,121,10000000,10000,769329383,0,2.6948291182929576,4235.688596010208
permuted,26,PF00076,PF00017,170,2,121,10000000,10000,1805105459,0,0.9922779627460677,4159.738839626312
permuted,26,PF00076,PF00017,171,0,121,10000000,10000,1459064963,0,1.084787432409791,4284.913691997528
permuted,27,PF00076,PF00017,169,1,121,10000000,10000,1817564967,0,2.3761514861009574,4279.642554283142
permuted,27,PF00076,PF00017,170,2,121,10000000,10000,706307827,0,0.08756433913409753,4334.752874851227
permuted,27,PF00076,PF00017,171,0,121,10000000,10000,393826115,0,0.8064503417420505,2513.330133676529
permuted,28,PF00076,PF00017,169,1,121,10000000,10000,2142053345,0,2.168802261150603,4220.818002462387
permuted,28,PF00076,PF00017,170,2,121,10000000,10000,971084341,0,0.5641204033900603,4129.531724691391
permuted,28,PF00076,PF00017,171,0,121,10000000,10000,75611013,0,0.9636374462011063,4385.408978700638
permuted,29,PF00076,PF00017,169,1,121,10000000,10000,1042545697,0,2.4731303023081206,4168.056841850281
permuted,29,PF00076,PF00017,170,2,121,10000000,10000,2020560373,0,0.8460745230926661,4294.631044149399
permuted,29,PF00076,PF00017,171,0,121,10000000,10000,1158636613,0,1.0298304370676243,4408.585951805115
scrambled,0,PF00076,PF00017,169,1,121,10000000,10000,1457977600,0,0.44321909554153743,4716.344670534134
scrambled,0,PF00076,PF00017,170,2,121,10000000,10000,279595220,0,0.7036313332409082,4787.769431114197
scrambled,0,PF00076,PF00017,171,0,121,10000000,10000,768237924,0,1.5534222606347217,4798.553075313568
scrambled,1,PF00076,PF00017,169,1,121,10000000,10000,392701632,0,0.26066330304248375,4664.476743936539
scrambled,1,PF00076,PF00017,170,2,121,10000000,10000,1361352468,0,0.43020670358161256,4690.153136968613
scrambled,1,PF00076,PF00017,171,0,121,10000000,10000,1816444580,0,0.524913569847566,3992.802665710449
scrambled,2,PF00076,PF00017,169,1,121,10000000,10000,243941569,0,0.700417459371216,4691.200876951218
scrambled,2,PF00076,PF00017,170,2,121,10000000,10000,1220997397,0,0.45813078300301946,4709.6172041893005
scrambled,2,PF00076,PF00017,171,0,121,10000000,10000,1973868709,0,1.6991534287276453,4653.121059417725
scrambled,3,PF00076,PF00017,169,1,121,10000000,10000,1325702913,0,0.6759502482618559,2714.6810550689697
scrambled,3,PF00076,PF00017,170,2,121,10000000,10000,155725525,0,0.8824264826106687,4678.531070232391
scrambled,3,PF00076,PF00017,171,0,121,10000000,10000,875038565,0,1.4988084972809081,4733.897932291031
scrambled,4,PF00076,PF00017,169,1,121,10000000,10000,1715440258,0,0.33681185593289975,4696.617676019669
scrambled,4,PF00076,PF00017,170,2,121,10000000,10000,544422742,0,0.8369382605167358,4633.141698360443
scrambled,4,PF00076,PF00017,171,0,121,10000000,10000,487789286,0,1.125007724104351,4633.39381480217
scrambled,5,PF00076,PF00017,169,1,121,10000000,10000,665933122,0,0.33382013931041293,4673.7957990169525
scrambled,5,PF00076,PF00017,170,2,121,10000000,10000,1644029078,0,0.33021686773370335,4709.851063251495
scrambled,5,PF00076,PF00017,171,0,121,10000000,10000,1553845542,0,1.1451120551481788,2607.749968290329
scrambled,6,PF00076,PF00017,169,1,121,10000000,10000,1045640003,0,0.35333948955488736,4804.910940885544
scrambled,6,PF00076,PF00017,170,2,121,10000000,10000,2015330967,0,0.19477982298985524,4705.7595818042755
scrambled,6,PF00076,PF00017,171,0,121,10000000,10000,1165994791,0,1.010510442171039,4821.061275720596
scrambled,7,PF00076,PF00017,169,1,121,10000000,10000,2145250435,0,0.4239780174088353,4721.331454515457
scrambled,7,PF00076,PF00017,170,2,121,10000000,10000,965827927,0,0.6916505912804076,4678.7689917087555
scrambled,7,PF00076,PF00017,171,0,121,10000000,10000,82932967,0,1.450511759328087,4669.037885427475
scrambled,8,PF00076,PF00017,169,1,121,10000000,10000,1814370373,0,0.6042337511832698,2649.631170988083
scrambled,8,PF00076,PF00017,170,2,121,10000000,10000,711567761,0,1.3598232155339267,4690.503290653229
scrambled,8,PF00076,PF00017,171,0,121,10000000,10000,386498593,0,1.4819547702478815,2669.705292701721
scrambled,9,PF00076,PF00017,169,1,121,10000000,10000,766232453,0,0.5719697948068007,2262.3018600940704
scrambled,9,PF00076,PF00017,170,2,121,10000000,10000,1810331217,0,0.7283531642830503,4657.782446146011
scrambled,9,PF00076,PF00017,171,0,121,10000000,10000,1451712481,0,1.4059054754301112,4690.904142618179
scrambled,10,PF00076,PF00017,169,1,121,10000000,10000,1296282991,0,0.7858886299518202,2680.768794298172
scrambled,10,PF00076,PF00017,170,2,121,10000000,10000,185533627,0,0.5617819037024567,4661.158603429794
scrambled,10,PF00076,PF00017,171,0,121,10000000,10000,913255691,0,1.7068710803905438,2698.137319803238
scrambled,11,PF00076,PF00017,169,1,121,10000000,10000,214788783,0,1.0146295793099522,4714.029740571976
scrambled,11,PF00076,PF00017,170,2,121,10000000,10000,1250024315,0,0.7907762380100154,4613.211750030518
scrambled,11,PF00076,PF00017,171,0,121,10000000,10000,2011296459,0,1.3736758974589807,4087.442005634308
scrambled,12,PF00076,PF00017,169,1,121,10000000,10000,355404974,0,0.580733722444986,4715.583955287933
scrambled,12,PF00076,PF00017,170,2,121,10000000,10000,1399045498,0,0.41941889431980506,4612.18165063858
scrambled,12,PF00076,PF00017,171,0,121,10000000,10000,1845728458,0,1.1182609137619806,4664.751352548599
scrambled,13,PF00076,PF00017,169,1,121,10000000,10000,1419891566,0,0.7676108251044393,2714.968955516815
scrambled,13,PF00076,PF00017,170,2,121,10000000,10000,317547194,0,0.7851826449039502,4744.568875074387
scrambled,13,PF00076,PF00017,171,0,121,10000000,10000,797788938,0,1.0188073453573117,4728.522793769836
scrambled,14,PF00076,PF00017,169,1,121,10000000,10000,2107295469,0,0.8488429900864762,4623.369845151901
scrambled,14,PF00076,PF00017,170,2,121,10000000,10000,1003910969,0,0.6913471304879074,4718.892860651016
scrambled,14,PF00076,PF00017,171,0,121,10000000,10000,112615049,0,0.971411807020973,4574.208438158035
scrambled,15,PF00076,PF00017,169,1,121,10000000,10000,1007950125,0,0.510377060243834,4789.93261218071
scrambled,15,PF00076,PF00017,170,2,121,10000000,10000,2052630777,0,0.30087498197115226,4548.305868625641
scrambled,15,PF00076,PF00017,171,0,121,10000000,10000,1194885449,0,1.1950839250396883,4807.41249871254
scrambled,16,PF00076,PF00017,169,1,121,10000000,10000,636911404,0,0.5723863025150511,4721.205565214157
scrambled,16,PF00076,PF00017,170,2,121,10000000,10000,1673187064,0,0.6226900626602773,4655.383982181549
scrambled,16,PF00076,PF00017,171,0,121,10000000,10000,1591404360,0,1.3609169772834004,4662.769972324371
scrambled,17,PF00076,PF00017,169,1,121,10000000,10000,1685627116,0,0.48720172687503965,4687.304409265518
scrambled,17,PF00076,PF00017,170,2,121,10000000,10000,573837624,0,0.5894868393813456,4678.223280906677
scrambled,17,PF00076,PF00017,171,0,121,10000000,10000,525613192,0,0.827018525539325,4665.732903718948
scrambled,18,PF00076,PF00017,169,1,121,10000000,10000,2004898858,0,0.6533928555646455,4782.269976854324
scrambled,18,PF00076,PF00017,170,2,121,10000000,10000,835511806,0,0.943099632745097,4696.025731086731
scrambled,18,PF00076,PF00017,171,0,121,10000000,10000,212651086,0,1.516739021810172,4666.477340459824
scrambled,19,PF00076,PF00017,169,1,121,10000000,10000,906922986,0,0.729349102656997,4730.599272727966
scrambled,19,PF00076,PF00017,170,2,121,10000000,10000,1883388478,0,0.7268665479931914,2678.2378418445587
scrambled,19,PF00076,PF00017,171,0,121,10000000,10000,1294078862,0,1.4346243160175138,2669.116214990616
scrambled,20,PF00076,PF00017,169,1,121,10000000,10000,987588511,0,0.517819598707799,4643.083778619766
scrambled,20,PF00076,PF00017,170,2,121,10000000,10000,2089932363,0,0.14419752263114347,4672.849435329437
scrambled,20,PF00076,PF00017,171,0,121,10000000,10000,1106378747,0,1.7276316548383353,2706.758313179016
scrambled,21,PF00076,PF00017,169,1,121,10000000,10000,2069084255,0,0.985567103831835,4692.059529781342
scrambled,21,PF00076,PF00017,170,2,121,10000000,10000,1025444235,0,0.7282616294751348,4073.1510541439056
scrambled,21,PF00076,PF00017,171,0,121,10000000,10000,8331323,0,1.334095546191149,4095.257252931595
scrambled,22,PF00076,PF00017,169,1,121,10000000,10000,1655823966,0,0.8497297184815128,4669.336927652359
scrambled,22,PF00076,PF00017,170,2,121,10000000,10000,620588938,0,1.0856765154043142,4537.1759214401245
scrambled,22,PF00076,PF00017,171,0,121,10000000,10000,429737530,0,1.7448873779634466,2647.294291496277
scrambled,23,PF00076,PF00017,169,1,121,10000000,10000,591331742,0,0.851883480840894,4601.844022989273
scrambled,23,PF00076,PF00017,170,2,121,10000000,10000,1702080586,0,0.6597843225946401,4543.749110460281
scrambled,23,PF00076,PF00017,171,0,121,10000000,10000,1477679610,0,1.3760000394162222,2173.3125338554382
scrambled,24,PF00076,PF00017,169,1,121,10000000,10000,168039453,0,0.637509407345249,4682.648195981979
scrambled,24,PF00076,PF00017,170,2,121,10000000,10000,1279829449,0,0.9082266538969289,4632.385092496872
scrambled,24,PF00076,PF00017,171,0,121,10000000,10000,1898482809,0,1.8133207304872616,4951.066107034683
scrambled,25,PF00076,PF00017,169,1,121,10000000,10000,1267387357,0,0.6388481076135661,4708.3286554813385
scrambled,25,PF00076,PF00017,170,2,121,10000000,10000,231111177,0,0.5086876187107441,2641.7251992225647
scrambled,25,PF00076,PF00017,171,0,121,10000000,10000,816206777,0,1.085237885442762,4678.270379304886
scrambled,26,PF00076,PF00017,169,1,121,10000000,10000,1382591964,0,0.38006327821918723,4727.713851451874
scrambled,26,PF00076,PF00017,170,2,121,10000000,10000,337910792,0,0.567047729175287,4710.80717420578
scrambled,26,PF00076,PF00017,171,0,121,10000000,10000,692336056,0,1.3997105482287004,2684.4170711040497
scrambled,27,PF00076,PF00017,169,1,121,10000000,10000,333869596,0,0.0467204711597453,2745.551340341568
scrambled,27,PF00076,PF00017,170,2,121,10000000,10000,1437254600,0,0.10504946053337447,2670.264601945877
scrambled,27,PF00076,PF00017,171,0,121,10000000,10000,1758128760,0,0.5728548222067655,2236.1516082286835
scrambled,28,PF00076,PF00017,169,1,121,10000000,10000,2000602,0,0.6564109806446697,4736.316260099411
scrambled,28,PF00076,PF00017,170,2,121,10000000,10000,1179793166,0,0.46991778531442796,4769.048710346222
scrambled,28,PF00076,PF00017,171,0,121,10000000,10000,2066882238,0,0.703840538800445,4739.408423662186
scrambled,29,PF00076,PF00017,169,1,121,10000000,10000,1099979034,0,0.6447060658738958,4684.509999990463
scrambled,29,PF00076,PF00017,170,2,121,10000000,10000,131918030,0,0.061862446226244844,4725.09719824791
scrambled,29,PF00076,PF00017,171,0,121,10000000,10000,985448830,0,0.510564890078063,4661.391193151474
shuffled,0,PF00076,PF00017,169,1,121,10000000,10000,1177228558,1,-0.29591508726544763,2681.3686542510986
shuffled,0,PF00076,PF00017,170,2,121,10000000,10000,6792410,0,0.12293328754283732,2667.2597975730896
shuffled,0,PF00076,PF00017,171,0,121,10000000,10000,1023905130,0,0.7644322145026763,4071.8248109817505
shuffled,1,PF00076,PF00017,169,1,121,10000000,10000,128305870,1,-0.056036042277289345,4672.290054798126
shuffled,1,PF00076,PF00017,170,2,121,10000000,10000,1105820442,0,0.1303265205299954,4595.283758640289
shuffled,1,PF00076,PF00017,171,0,121,10000000,10000,2089374378,0,0.5375706181942262,2701.7396337985992
shuffled,2,PF00076,PF00017,169,1,121,10000000,10000,508013775,1,-0.15113362274642858,4544.922676324844
shuffled,2,PF00076,PF00017,170,2,121,10000000,10000,1477123355,0,0.1070370854056381,4655.7725121974945
shuffled,2,PF00076,PF00017,171,0,121,10000000,10000,1701524651,0,0.4269953403579224,4598.123576879501
shuffled,3,PF00076,PF00017,169,1,121,10000000,10000,1607037711,0,0.07268346556154136,4711.548349380493
shuffled,3,PF00076,PF00017,170,2,121,10000000,10000,428196571,0,0.2546022789724757,4640.645233631134
shuffled,3,PF00076,PF00017,171,0,121,10000000,10000,619047787,0,0.28950293767433266,4007.821630001068
shuffled,4,PF00076,PF00017,169,1,121,10000000,10000,1995597452,1,-0.24219298722868904,2622.5397458076477
shuffled,4,PF00076,PF00017,170,2,121,10000000,10000,817813336,1,-0.19303355045184634,4565.685085773468
shuffled,4,PF00076,PF00017,171,0,121,10000000,10000,232718056,0,0.47263220703607695,4639.710462331772
shuffled,5,PF00076,PF00017,169,1,121,10000000,10000,930920780,1,-0.2558573406592161,4613.851335287094
shuffled,5,PF00076,PF00017,170,2,121,10000000,10000,1898973336,1,-0.11051151836268992,4693.150434970856
shuffled,5,PF00076,PF00017,171,0,121,10000000,10000,1280319784,0,0.19484394433778357,4758.021736383438
shuffled,6,PF00076,PF00017,169,1,121,10000000,10000,782163789,1,-0.13796531063251716,2231.2605395317078
shuffled,6,PF00076,PF00017,170,2,121,10000000,10000,1758621337,1,-0.19365639488515102,2571.092990398407
shuffled,6,PF00076,PF00017,171,0,121,10000000,10000,1437746985,0,0.7723087430030937,2688.0728476047516
shuffled,7,PF00076,PF00017,169,1,121,10000000,10000,1863319693,1,-0.10406077157729782,4724.542095661163
shuffled,7,PF00076,PF00017,170,2,121,10000000,10000,693940569,1,-0.16176263686827425,2643.6640269756317
shuffled,7,PF00076,PF00017,171,0,121,10000000,10000,339515625,0,0.5999334763379288,4636.349758148193
shuffled,8,PF00076,PF00017,169,1,121,10000000,10000,2095641675,1,-0.10886668616250236,4765.524434328079
shuffled,8,PF00076,PF00017,170,2,121,10000000,10000,983844255,0,0.20806660635030474,4631.996157884598
shuffled,8,PF00076,PF00017,171,0,121,10000000,10000,130313263,0,0.676602716418193,4673.3819668293
shuffled,9,PF00076,PF00017,169,1,121,10000000,10000,1030105995,0,0.35408245457967136,4672.451786279678
shuffled,9,PF00076,PF00017,170,2,121,10000000,10000,2066389599,0,0.03811155984270208,4613.172036647797
shuffled,9,PF00076,PF00017,171,0,121,10000000,10000,1179300847,0,0.37443910452565043,4614.525615930557
shuffled,10,PF00076,PF00017,169,1,121,10000000,10000,1569610081,0,0.19112960863556505,4601.678521871567
shuffled,10,PF00076,PF00017,170,2,121,10000000,10000,465758389,1,-0.1512443365029471,2638.781073331833
shuffled,10,PF00076,PF00017,171,0,121,10000000,10000,648200453,0,0.41768573442935725,4574.629234552383
shuffled,11,PF00076,PF00017,169,1,121,10000000,10000,469796513,0,0.4509248239987055,4661.959467887878
shuffled,11,PF00076,PF00017,170,2,121,10000000,10000,1514944373,0,0.20919717714979294,2651.4724447727203
shuffled,11,PF00076,PF00017,171,0,121,10000000,10000,1730944709,0,0.16617491216954777,4793.716809988022
shuffled,12,PF00076,PF00017,169,1,121,10000000,10000,98754720,1,-0.14041226022141146,4666.171685695648
shuffled,12,PF00076,PF00017,170,2,121,10000000,10000,1135497588,0,0.01962912445829279,4590.750170469284
shuffled,12,PF00076,PF00017,171,0,121,10000000,10000,2127460548,0,0.11803997664369136,4525.235934972763
shuffled,13,PF00076,PF00017,169,1,121,10000000,10000,1147944800,1,-0.45778510104169173,4677.063498258591
shuffled,13,PF00076,PF00017,170,2,121,10000000,10000,35688116,0,0.462610628056606,4655.176268815994
shuffled,13,PF00076,PF00017,171,0,121,10000000,10000,1061201668,0,0.695023961725438,4685.533661842346
shuffled,14,PF00076,PF00017,169,1,121,10000000,10000,1834429155,0,0.4611163532097659,4797.27432012558
shuffled,14,PF00076,PF00017,170,2,121,10000000,10000,723229495,1,-0.056312704900640484,4676.5891263484955
shuffled,14,PF00076,PF00017,171,0,121,10000000,10000,377205383,0,0.49332327078897314,2225.120623111725
shuffled,15,PF00076,PF00017,169,1,121,10000000,10000,752481571,1,-0.27554824223235597,4730.359387874603
shuffled,15,PF00076,PF00017,170,2,121,10000000,10000,1788167415,0,0.03050370536522426,4857.75683426857
shuffled,15,PF00076,PF00017,171,0,121,10000000,10000,1475702087,0,1.1736301047002586,2769.7652978897095
shuffled,16,PF00076,PF00017,169,1,121,10000000,10000,893096738,1,-0.07786765973902911,4637.526724815369
shuffled,16,PF00076,PF00017,170,2,121,10000000,10000,1937187574,0,0.11001482681385981,4684.754151582718
shuffled,16,PF00076,PF00017,171,0,121,10000000,10000,1310133062,0,1.000671271949084,4635.603235244751
shuffled,17,PF00076,PF00017,169,1,121,10000000,10000,1958038754,0,0.2630122364516049,4773.855615615845
shuffled,17,PF00076,PF00017,170,2,121,10000000,10000,855244086,1,-0.16031403805647845,4649.836082696915
shuffled,17,PF00076,PF00017,171,0,121,10000000,10000,261739654,0,0.8352448190047095,4626.655182123184
shuffled,18,PF00076,PF00017,169,1,121,10000000,10000,1733146660,1,-0.2326462392837838,4616.782072544098
shuffled,18,PF00076,PF00017,170,2,121,10000000,10000,553716208,0,0.11286715488929266,4625.23043179512
shuffled,18,PF00076,PF00017,171,0,121,10000000,10000,476127296,0,0.657587548166485,4573.429733991623
shuffled,19,PF00076,PF00017,169,1,121,10000000,10000,650340324,0,0.18075039304716434,4615.273707866669
shuffled,19,PF00076,PF00017,170,2,121,10000000,10000,1620039216,1,-0.06023392450353259,4798.6409304142
shuffled,19,PF00076,PF00017,171,0,121,10000000,10000,1576009600,0,0.6521012310229951,4933.853279590607
shuffled,20,PF00076,PF00017,169,1,121,10000000,10000,705727377,0,0.07344560466012595,4818.083678007126
shuffled,20,PF00076,PF00017,170,2,121,10000000,10000,1817983557,1,-0.06792183615680088,2219.2785601615906
shuffled,20,PF00076,PF00017,171,0,121,10000000,10000,1362891765,0,0.7713400063951633,2676.031485557556
shuffled,21,PF00076,PF00017,169,1,121,10000000,10000,1805538385,0,0.11558664606532427,2660.352701663971
shuffled,21,PF00076,PF00017,170,2,121,10000000,10000,768796037,1,-0.3194036913035197,2719.728094100952
shuffled,21,PF00076,PF00017,171,0,121,10000000,10000,280153141,0,0.5057147537214957,4714.764001607895
shuffled,22,PF00076,PF00017,169,1,121,10000000,10000,1920741968,0,0.060150947774431286,4100.465889930725
shuffled,22,PF00076,PF00017,170,2,121,10000000,10000,875594628,1,-0.13560668152404398,4775.412118434906
shuffled,22,PF00076,PF00017,171,0,121,10000000,10000,156281396,0,0.15573331199508622,4130.222997903824
shuffled,23,PF00076,PF00017,169,1,121,10000000,10000,871558544,0,0.048487498842454145,2758.2400195598602
shuffled,23,PF00076,PF00017,170,2,121,10000000,10000,1975409732,0,0.33837127677847895,2718.8991446495056
shuffled,23,PF00076,PF00017,171,0,121,10000000,10000,1222538740,0,0.9274305687454614,4723.244924783707
shuffled,24,PF00076,PF00017,169,1,121,10000000,10000,449443859,1,-0.09901580394523665,4584.186150550842
shuffled,24,PF00076,PF00017,170,2,121,10000000,10000,1552239047,0,0.020528863286874196,4607.2047727108
shuffled,24,PF00076,PF00017,171,0,121,10000000,10000,1642422391,0,0.7276063320217632,4660.594876766205
shuffled,25,PF00076,PF00017,169,1,121,10000000,10000,1531389907,1,-0.1231087544258962,4608.918385505676
shuffled,25,PF00076,PF00017,170,2,121,10000000,10000,487298567,0,0.1989577790420905,4580.585220813751
shuffled,25,PF00076,PF00017,171,0,121,10000000,10000,543932343,0,0.5164568237199145,4732.149101734161
shuffled,26,PF00076,PF00017,169,1,121,10000000,10000,1118126546,1,-0.07076533496387026,4608.870140314102
shuffled,26,PF00076,PF00017,170,2,121,10000000,10000,82440198,1,-0.13025436578662383,4847.862489461899
shuffled,26,PF00076,PF00017,171,0,121,10000000,10000,965335478,0,1.0452798479870014,4802.079664945602
shuffled,27,PF00076,PF00017,169,1,121,10000000,10000,53190162,0,0.04552414129523348,2227.1309053897858
shuffled,27,PF00076,PF00017,170,2,121,10000000,10000,1164390342,0,0.14830240507403586,4782.413669347763
shuffled,27,PF00076,PF00017,171,0,121,10000000,10000,2013726326,0,0.5012256140210837,4754.491904973984
shuffled,28,PF00076,PF00017,169,1,121,10000000,10000,282290900,0,0.08042994239704605,4660.410791873932
shuffled,28,PF00076,PF00017,170,2,121,10000000,10000,1453316864,0,0.23842985566690922,4806.542815446854
shuffled,28,PF00076,PF00017,171,0,121,10000000,10000,1811935920,0,0.6565092879499971,4682.630998849869
shuffled,29,PF00076,PF00017,169,1,121,10000000,10000,1365095700,0,0.13015381629452574,4726.36584353447
shuffled,29,PF00076,PF00017,170,2,121,10000000,10000,386991296,0,0.011363729116382327,4733.420238018036
shuffled,29,PF00076,PF00017,171,0,121,10000000,10000,712060272,0,0.8835659360390594,4713.151073455811
standard,-1,PF00076,PF00017,169,1,121,10000000,10000,1790936800,0,1.912591089612728,4250.913015842438
standard,-1,PF00076,PF00017,170,2,121,10000000,10000,754136884,0,0.5457810102864242,4065.897631406784
standard,-1,PF00076,PF00017,171,0,121,10000000,10000,294854276,0,0.504011301147339,4322.8350620269775
permuted,0,PF00153,PF00011,238,1,121,10000000,10000,203080613,0,1.9195152289911834,5646.386985301971
permuted,0,PF00153,PF00011,239,2,121,10000000,10000,830138901,0,0.18766200673695507,3177.9690947532654
permuted,0,PF00153,PF00011,240,0,121,10000000,10000,560969948,0,0.35596452035568976,4908.496916294098
permuted,1,PF00153,PF00011,238,1,121,10000000,10000,1301552229,0,1.3638460349874486,3288.4968514442444
permuted,1,PF00153,PF00011,239,2,121,10000000,10000,1895052757,0,0.28050865342507664,5518.733020544052
permuted,1,PF00153,PF00011,240,0,121,10000000,10000,1625384732,0,0.0540260145416044,3178.043725013733
permuted,2,PF00153,PF00011,238,1,121,10000000,10000,1417050724,0,1.0082878213234872,5585.409230232239
permuted,2,PF00153,PF00011,239,2,121,10000000,10000,1763070932,0,1.0110396274372557,2704.319210767746
permuted,2,PF00153,PF00011,240,0,121,10000000,10000,2030240029,0,0.6043593077914042,5814.895061016083
permuted,3,PF00153,PF00011,238,1,121,10000000,10000,368616868,0,1.8287086199169214,5483.8004739284515
permuted,3,PF00153,PF00011,239,2,121,10000000,10000,681085972,0,0.554446312271549,5556.445052623749
permuted,3,PF00153,PF00011,240,0,121,10000000,10000,948821725,0,0.7097542156575729,5464.013427495956
permuted,4,PF00153,PF00011,238,1,121,10000000,10000,1019457575,0,1.5255161631672536,5531.684646129608
permuted,4,PF00153,PF00011,239,2,121,10000000,10000,27498903,0,0.7608260250367501,5577.541826725006
permuted,4,PF00153,PF00011,240,0,121,10000000,10000,297192286,0,0.4740188994919516,5696.440167188644
permuted,5,PF00153,PF00011,238,1,121,10000000,10000,2102226919,0,1.8053761591539161,5734.7163507938385
permuted,5,PF00153,PF00011,239,2,121,10000000,10000,1076708951,0,0.5884466360113894,5505.553012371063
permuted,5,PF00153,PF00011,240,0,121,10000000,10000,1345852574,0,0.6680667509738785,3171.697028160095
permuted,6,PF00153,PF00011,238,1,121,10000000,10000,1689192934,0,1.701560440129969,5818.399669885635
permuted,6,PF00153,PF00011,239,2,121,10000000,10000,1506746454,0,0.12060420776474688,5348.669696092606
permuted,6,PF00153,PF00011,240,0,121,10000000,10000,1239052959,0,0.5261869507775699,5781.422161102295
permuted,7,PF00153,PF00011,238,1,121,10000000,10000,622974502,0,2.199061690350348,5872.180899858475
permuted,7,PF00153,PF00011,239,2,121,10000000,10000,406978454,0,0.22599578384603342,3082.039257287979
permuted,7,PF00153,PF00011,240,0,121,10000000,10000,139767135,0,0.2949681184911479,5792.3036160469055
permuted,8,PF00153,PF00011,238,1,121,10000000,10000,920199904,0,1.6012764311259897,3277.1148035526276
permuted,8,PF00153,PF00011,239,2,121,10000000,10000,196676432,0,0.8699822821921733,5856.253462553024
permuted,8,PF00153,PF00011,240,0,121,10000000,10000,464279961,0,1.172506441410705,5934.809343338013
permuted,9,PF00153,PF00011,238,1,121,10000000,10000,2002255136,0,1.3322681447546574,5634.663007974625
permuted,9,PF00153,PF00011,239,2,121,10000000,10000,1245172880,0,0.47475929439455733,5630.572713375092
permuted,9,PF00153,PF00011,240,0,121,10000000,10000,1512212057,0,0.8473700583299374,5610.057384967804
permuted,10,PF00153,PF00011,238,1,121,10000000,10000,398430154,0,1.872623719626196,5539.131014347076
permuted,10,PF00153,PF00011,239,2,121,10000000,10000,719300218,0,0.39145039084089095,5473.58761382103
permuted,10,PF00153,PF00011,240,0,121,10000000,10000,986379443,0,0.2468466090171376,3218.217621564865
permuted,11,PF00153,PF00011,238,1,121,10000000,10000,1446072330,0,2.286201924665343,5651.642387390137
permuted,11,PF00153,PF00011,239,2,121,10000000,10000,1800501690,0,0.6769368500330026,5814.415829181671
permuted,11,PF00153,PF00011,240,0,121,10000000,10000,2068065139,0,0.7468442318934723,5503.569919586182
permuted,12,PF00153,PF00011,238,1,121,10000000,10000,1339241995,0,2.0910071175523535,2758.8978440761566
permuted,12,PF00153,PF00011,239,2,121,10000000,10000,1924341691,0,0.3786090213246496,3108.323333501816
permuted,12,PF00153,PF00011,240,0,121,10000000,10000,1655065970,0,0.769560150989038,4959.551618099213
permuted,13,PF00153,PF00011,238,1,121,10000000,10000,241035723,0,1.7892221359309648,5585.431365251541
permuted,13,PF00153,PF00011,239,2,121,10000000,10000,859684987,0,0.45428261873741543,5498.43594455719
permuted,13,PF00153,PF00011,240,0,121,10000000,10000,589861554,0,0.9837131737623428,5026.460757255554
permuted,14,PF00153,PF00011,238,1,121,10000000,10000,661060680,0,1.3346297488947994,5547.937836647034
permuted,14,PF00153,PF00011,239,2,121,10000000,10000,436655608,0,0.15741065139736626,5333.909200668335
permuted,14,PF00153,PF00011,240,0,121,10000000,10000,169051953,0,0.7112501401235045,5707.886042833328
permuted,15,PF00153,PF00011,238,1,121,10000000,10000,1726489480,0,2.131642590802331,5530.85698223114
permuted,15,PF00153,PF00011,239,2,121,10000000,10000,1535642168,0,1.2552911078507236,5451.776161909103
permuted,15,PF00153,PF00011,240,0,121,10000000,10000,1268603121,0,0.8138069722690449,5751.008036375046
permuted,16,PF00153,PF00011,238,1,121,10000000,10000,2131379593,0,1.440385757290682,2746.4689836502075
permuted,16,PF00153,PF00011,239,2,121,10000000,10000,1114270777,0,0.6348924694449977,3119.4116303920746
permuted,16,PF00153,PF00011,240,0,121,10000000,10000,1384070896,0,0.6506196021841102,3130.006944179535
permuted,17,PF00153,PF00011,238,1,121,10000000,10000,1048877641,0,1.434964104293725,3100.8560152053833
permuted,17,PF00153,PF00011,239,2,121,10000000,10000,65319929,0,0.4753025879544494,5511.983049631119
permuted,17,PF00153,PF00011,240,0,121,10000000,10000,334618928,0,0.9769364387137808,5478.612419843674
permuted,18,PF00153,PF00011,238,1,121,10000000,10000,763129487,0,1.3787299176165135,5436.703727722168
permuted,18,PF00153,PF00011,239,2,121,10000000,10000,270288703,0,0.5365262221555286,5432.866490840912
permuted,18,PF00153,PF00011,240,0,121,10000000,10000,595446,0,0.5792695710576374,5513.126437902451
permuted,19,PF00153,PF00011,238,1,121,10000000,10000,1827844431,0,1.7874914988894997,5506.765764951706
permuted,19,PF00153,PF00011,239,2,121,10000000,10000,1368561919,0,0.9041713767608527,4810.126523971558
permuted,19,PF00153,PF00011,240,0,121,10000000,10000,1099418166,0,0.4695512404616886,5613.2758820056915
permuted,20,PF00153,PF00011,238,1,121,10000000,10000,1612799290,0,1.6617309340489193,5484.867111444473
permuted,20,PF00153,PF00011,239,2,121,10000000,10000,1564570762,0,0.25597853184151703,5317.698576927185
permuted,20,PF00153,PF00011,240,0,121,10000000,10000,1297360451,0,0.9381215353919371,4786.620232343674
permuted,21,PF00153,PF00011,238,1,121,10000000,10000,565150458,0,1.1278961555512177,5746.967031478882
permuted,21,PF00153,PF00011,239,2,121,10000000,10000,483371850,0,0.05256688609842566,5374.191883325577
permuted,21,PF00153,PF00011,240,0,121,10000000,10000,215677315,0,0.7562291566017315,5576.811697483063
permuted,22,PF00153,PF00011,238,1,121,10000000,10000,944628987,0,1.6160470164796452,5562.706299066544
permuted,22,PF00153,PF00011,239,2,121,10000000,10000,86887755,0,0.5218112726343802,3194.607692718506
permuted,22,PF00153,PF00011,240,0,121,10000000,10000,356032386,0,1.0692341269929044,5517.88488984108
permuted,23,PF00153,PF00011,238,1,121,10000000,10000,2042837819,0,1.4535693833491867,5451.682165145874
permuted,23,PF00153,PF00011,239,2,121,10000000,10000,1151537803,0,0.1657041268221987,5461.253312587738
permuted,23,PF00153,PF00011,240,0,121,10000000,10000,1421230146,0,1.0663544140740553,2672.1863639354706
permuted,24,PF00153,PF00011,238,1,121,10000000,10000,1358442168,0,2.014829575066105,5688.131673574448
permuted,24,PF00153,PF00011,239,2,121,10000000,10000,1838679816,0,0.8987301457333566,5512.885063409805
permuted,24,PF00153,PF00011,240,0,121,10000000,10000,2106414529,0,1.3685660273828297,5670.7159695625305
permuted,25,PF00153,PF00011,238,1,121,10000000,10000,293007736,0,1.57478748268984,5724.221622467041
permuted,25,PF00153,PF00011,239,2,121,10000000,10000,739694792,1,-0.1707813087267128,3227.485513687134
permuted,25,PF00153,PF00011,240,0,121,10000000,10000,1006864897,0,1.016659641163119,5843.3561799526215
permuted,26,PF00153,PF00011,238,1,121,10000000,10000,143955833,0,2.1391327723369966,5654.4589722156525
permuted,26,PF00153,PF00011,239,2,121,10000000,10000,905232073,0,0.6125380908923418,5415.944467782974
permuted,26,PF00153,PF00011,240,0,121,10000000,10000,635563008,0,1.1220153424933454,5785.117649316788
permuted,27,PF00153,PF00011,238,1,121,10000000,10000,1226459321,0,2.0732117635942644,5637.802619457245
permuted,27,PF00153,PF00011,239,2,121,10000000,10000,1954177289,0,0.06538949959717807,5874.480441808701
permuted,27,PF00153,PF00011,240,0,121,10000000,10000,1685009344,0,0.1422734521781228,3097.7869822978973
permuted,28,PF00153,PF00011,238,1,121,10000000,10000,1524808831,0,1.5182779163266154,3141.0690178871155
permuted,28,PF00153,PF00011,239,2,121,10000000,10000,1736611279,0,0.050689497852151405,5476.532371044159
permuted,28,PF00153,PF00011,240,0,121,10000000,10000,2006435590,0,0.5023083005223031,3141.5424885749817
permuted,29,PF00153,PF00011,238,1,121,10000000,10000,460088255,0,2.2251220385683026,5624.053871154785
permuted,29,PF00153,PF00011,239,2,121,10000000,10000,638339599,0,0.35857524811267805,5774.970395565033
permuted,29,PF00153,PF00011,240,0,121,10000000,10000,907614406,0,0.8832687936731927,5793.023355722427
scrambled,0,PF00153,PF00011,238,1,121,10000000,10000,182079907,0,0.6694174361585201,6212.205010175705
scrambled,0,PF00153,PF00011,239,2,121,10000000,10000,934967315,0,0.4027663458302343,3510.203502178192
scrambled,0,PF00153,PF00011,240,0,121,10000000,10000,665791194,0,1.0537620321065615,6194.401581048965
scrambled,1,PF00153,PF00011,238,1,121,10000000,10000,1263832675,0,0.12877661727026557,6129.0418655872345
scrambled,1,PF00153,PF00011,239,2,121,10000000,10000,1983162323,1,-0.08864605068963594,3458.842727661133
scrambled,1,PF00153,PF00011,240,0,121,10000000,10000,1713501466,0,0.7453173135390138,5223.244528770447
scrambled,2,PF00153,PF00011,238,1,121,10000000,10000,1387718754,0,0.3932436711234511,6200.014447212219
scrambled,2,PF00153,PF00011,239,2,121,10000000,10000,1876345298,0,0.06096691059645459,6279.105646133423
scrambled,2,PF00153,PF00011,240,0,121,10000000,10000,2143523611,0,0.5845371547593218,6273.890835046768
scrambled,3,PF00153,PF00011,238,1,121,10000000,10000,322451362,0,1.095817355179189,6426.168460845947
scrambled,3,PF00153,PF00011,239,2,121,10000000,10000,777526802,0,0.9526411945977318,3564.402626991272
scrambled,3,PF00153,PF00011,240,0,121,10000000,10000,1045253339,0,1.3998388523317549,5122.131762742996
scrambled,4,PF00153,PF00011,238,1,121,10000000,10000,973283873,0,0.6911086430900554,2954.964169740677
scrambled,4,PF00153,PF00011,239,2,121,10000000,10000,123931537,0,0.8082004610647376,3495.6899178028107
scrambled,4,PF00153,PF00011,240,0,121,10000000,10000,393632088,0,1.011731716152542,3401.687248468399
scrambled,5,PF00153,PF00011,238,1,121,10000000,10000,2072903137,0,0.39449489791258846,6018.306667804718
scrambled,5,PF00153,PF00011,239,2,121,10000000,10000,1189991505,0,0.0024641757022482304,5397.916788339615
scrambled,5,PF00153,PF00011,240,0,121,10000000,10000,1459127960,0,1.1978590533981088,5215.621325969696
scrambled,6,PF00153,PF00011,238,1,121,10000000,10000,1651481568,0,0.3006781186584634,5319.931737422943
scrambled,6,PF00153,PF00011,239,2,121,10000000,10000,1594864208,0,0.06319391594174112,4762.1355676651
scrambled,6,PF00153,PF00011,240,0,121,10000000,10000,1327161497,0,0.6693912042090501,5916.976933717728
scrambled,7,PF00153,PF00011,238,1,121,10000000,10000,601965600,0,0.6774774173062592,6248.0378131866455
scrambled,7,PF00153,PF00011,239,2,121,10000000,10000,511798672,0,0.5005246473825071,5059.316955566406
scrambled,7,PF00153,PF00011,240,0,121,10000000,10000,244596569,0,0.7882174547694482,5505.3364107608795
scrambled,8,PF00153,PF00011,238,1,121,10000000,10000,806990054,0,0.8055245658513197,6306.233447790146
scrambled,8,PF00153,PF00011,239,2,121,10000000,10000,226072918,0,0.691926759215923,5942.916579723358
scrambled,8,PF00153,PF00011,240,0,121,10000000,10000,493669279,0,0.955889967616404,5881.28596663475
scrambled,9,PF00153,PF00011,238,1,121,10000000,10000,1905749798,0,0.3761618872403959,6027.715228796005
scrambled,9,PF00153,PF00011,239,2,121,10000000,10000,1291273878,0,0.2544747026532391,4685.5945501327515
scrambled,9,PF00153,PF00011,240,0,121,10000000,10000,1558320223,0,0.906529202683256,4981.442342996597
scrambled,10,PF00153,PF00011,238,1,121,10000000,10000,293543372,0,0.8345032355789389,5673.293611526489
scrambled,10,PF00153,PF00011,239,2,121,10000000,10000,740242556,0,1.0024321999722643,3453.4131665229797
scrambled,10,PF00153,PF00011,240,0,121,10000000,10000,1007314613,0,1.5320512246194458,5912.244182348251
scrambled,11,PF00153,PF00011,238,1,121,10000000,10000,1358021132,0,0.5823155150154412,4640.599295377731
scrambled,11,PF00153,PF00011,239,2,121,10000000,10000,1838279612,0,0.9436942111250448,5012.99406170845
scrambled,11,PF00153,PF00011,240,0,121,10000000,10000,2105850229,0,1.203389630904525,5923.699671268463
scrambled,12,PF00153,PF00011,238,1,121,10000000,10000,1226023949,0,0.5821903162849325,3433.329842567444
scrambled,12,PF00153,PF00011,239,2,121,10000000,10000,1953729981,0,0.7438887890034783,3239.9068579673767
scrambled,12,PF00153,PF00011,240,0,121,10000000,10000,1684463476,0,0.6794668080561002,5491.261502981186
scrambled,13,PF00153,PF00011,238,1,121,10000000,10000,144538573,0,0.9288843172904389,5489.546216964722
scrambled,13,PF00153,PF00011,239,2,121,10000000,10000,905794173,0,0.2787097753237292,4816.3311421871185
scrambled,13,PF00153,PF00011,240,0,121,10000000,10000,635961524,0,1.3391246332922708,4677.946090936661
scrambled,14,PF00153,PF00011,238,1,121,10000000,10000,564555342,0,1.1034526134133475,2834.7515110969543
scrambled,14,PF00153,PF00011,239,2,121,10000000,10000,482756606,0,0.5589853051999857,4426.853145122528
scrambled,14,PF00153,PF00011,240,0,121,10000000,10000,215160119,0,0.934450208554687,3442.8336324691772
scrambled,15,PF00153,PF00011,238,1,121,10000000,10000,1613279630,0,0.48404694780523316,6418.787777423859
scrambled,15,PF00153,PF00011,239,2,121,10000000,10000,1565038654,0,0.1547185595334717,6273.878784418106
scrambled,15,PF00153,PF00011,240,0,121,10000000,10000,1297992439,0,0.7916808224969404,6134.331221103668
scrambled,16,PF00153,PF00011,238,1,121,10000000,10000,2043336591,0,0.42378327299054425,6154.194092512131
scrambled,16,PF00153,PF00011,239,2,121,10000000,10000,1152056895,0,0.138800323120099,2892.9794030189514
scrambled,16,PF00153,PF00011,240,0,121,10000000,10000,1421847798,0,0.8639289452360057,3529.0954825878143
scrambled,17,PF00153,PF00011,238,1,121,10000000,10000,943982671,0,0.5633205412407241,6104.693196296692
scrambled,17,PF00153,PF00011,239,2,121,10000000,10000,86254079,0,0.5422063526880757,5989.396760940552
scrambled,17,PF00153,PF00011,240,0,121,10000000,10000,355562294,0,0.1699306658015136,5791.56929564476
scrambled,18,PF00153,PF00011,238,1,121,10000000,10000,733805705,0,0.29766741458881063,6333.948182821274
scrambled,18,PF00153,PF00011,239,2,121,10000000,10000,383571257,0,0.6953394844772259,3563.090801715851
scrambled,18,PF00153,PF00011,240,0,121,10000000,10000,113870832,0,1.1313124810878594,5508.171256065369
scrambled,19,PF00153,PF00011,238,1,121,10000000,10000,1781670729,0,0.694314904108054,6077.39367389679
scrambled,19,PF00153,PF00011,239,2,121,10000000,10000,1464994553,0,0.7324837050662582,5432.132955312729
scrambled,19,PF00153,PF00011,240,0,121,10000000,10000,1195857968,0,0.9446566323137591,3459.504702568054
scrambled,20,PF00153,PF00011,238,1,121,10000000,10000,1726074684,0,0.5257125629750004,5971.324498414993
scrambled,20,PF00153,PF00011,239,2,121,10000000,10000,1535239820,0,0.3310304496867788,6024.810656070709
scrambled,20,PF00153,PF00011,240,0,121,10000000,10000,1268036677,0,0.5721670229747777,6024.583873033524
scrambled,21,PF00153,PF00011,238,1,121,10000000,10000,661590268,0,0.4549884835836039,3565.5197632312775
scrambled,21,PF00153,PF00011,239,2,121,10000000,10000,437205324,0,0.8806521883591965,3505.7403111457825
scrambled,21,PF00153,PF00011,240,0,121,10000000,10000,169503621,0,1.2088058910261856,5915.741343259811
scrambled,22,PF00153,PF00011,238,1,121,10000000,10000,1049458429,0,0.5204049295015075,5831.25194311142
scrambled,22,PF00153,PF00011,239,2,121,10000000,10000,65888077,0,0.6450024926311952,5861.848790407181
scrambled,22,PF00153,PF00011,240,0,121,10000000,10000,335023492,0,1.0326151268499268,5042.124027252197
scrambled,23,PF00153,PF00011,238,1,121,10000000,10000,2130946365,0,0.6194058017476022,5691.692405939102
scrambled,23,PF00153,PF00011,239,2,121,10000000,10000,1113817229,0,0.8486510752653754,5726.794992446899
scrambled,23,PF00153,PF00011,240,0,121,10000000,10000,1383518788,0,1.318010139378255,5672.605331659317
scrambled,24,PF00153,PF00011,238,1,121,10000000,10000,1446558910,0,0.6486169598465661,5737.311081409454
scrambled,24,PF00153,PF00011,239,2,121,10000000,10000,1800967438,0,0.6310624927776081,5475.086350440979
scrambled,24,PF00153,PF00011,240,0,121,10000000,10000,2068694983,0,1.143958894116151,5063.6856598854065
scrambled,25,PF00153,PF00011,238,1,121,10000000,10000,397828990,0,0.6174162324176616,4906.822201251984
scrambled,25,PF00153,PF00011,239,2,121,10000000,10000,718686926,0,0.700756961780834,5933.830015897751
scrambled,25,PF00153,PF00011,240,0,121,10000000,10000,985864199,0,1.483722250117481,3010.0405328273773
scrambled,26,PF00153,PF00011,238,1,121,10000000,10000,240387455,0,0.17907849721771335,5776.2797820568085
scrambled,26,PF00153,PF00011,239,2,121,10000000,10000,859057359,0,0.3350500448584277,5882.431704521179
scrambled,26,PF00153,PF00011,240,0,121,10000000,10000,589397510,0,1.06094146828933,4736.642117261887
scrambled,27,PF00153,PF00011,238,1,121,10000000,10000,1339742911,1,-0.3216876329774709,4149.660531282425
scrambled,27,PF00153,PF00011,239,2,121,10000000,10000,1924854543,1,-0.4086376887591694,5493.759386777878
scrambled,27,PF00153,PF00011,240,0,121,10000000,10000,1655677382,0,0.3581763130355489,3656.9150519371033
scrambled,28,PF00153,PF00011,238,1,121,10000000,10000,1545743993,0,0.40773486340509896,3982.516286611557
scrambled,28,PF00153,PF00011,239,2,121,10000000,10000,1631717321,0,0.3090412730915358,5362.732417106628
scrambled,28,PF00153,PF00011,240,0,121,10000000,10000,1901548800,0,0.39204977747195574,4494.914492368698
scrambled,29,PF00153,PF00011,238,1,121,10000000,10000,497873337,0,0.193590725272579,4754.4243676662445
scrambled,29,PF00153,PF00011,239,2,121,10000000,10000,550295561,1,-0.13131125626015938,3833.2329688072205
scrambled,29,PF00153,PF00011,240,0,121,10000000,10000,819563200,0,0.28443509945456474,5081.98423409462
shuffled,0,PF00153,PF00011,238,1,121,10000000,10000,1667533456,0,0.07197730535734724,6409.540390491486
shuffled,0,PF00153,PF00011,239,2,121,10000000,10000,1577362208,1,-0.11274580707259588,3416.408875465393
shuffled,0,PF00153,PF00011,240,0,121,10000000,10000,1309798889,0,0.002800826238864897,2904.7630684375763
shuffled,1,PF00153,PF00011,238,1,121,10000000,10000,585782608,1,-0.2115241825164233,3420.525516986847
shuffled,1,PF00153,PF00011,239,2,121,10000000,10000,529169632,1,-0.4828855807099092,6163.531524419785
shuffled,1,PF00153,PF00011,240,0,121,10000000,10000,262090281,0,0.17433100980512162,6354.787906169891
shuffled,2,PF00153,PF00011,238,1,121,10000000,10000,990393169,1,-0.24849143290362746,6303.685441493988
shuffled,2,PF00153,PF00011,239,2,121,10000000,10000,107485921,1,-0.19733986181546628,5962.383394241333
shuffled,2,PF00153,PF00011,240,0,121,10000000,10000,377309224,0,0.36237729369388805,6267.4236352443695
shuffled,3,PF00153,PF00011,238,1,121,10000000,10000,2055662737,1,-0.2511987930340454,6506.3873081207275
shuffled,3,PF00153,PF00011,239,2,121,10000000,10000,1206306081,1,-0.4298850074444033,6089.473700284958
shuffled,3,PF00153,PF00011,240,0,121,10000000,10000,1475581928,0,0.053612678431747066,6088.057878732681
shuffled,4,PF00153,PF00011,238,1,121,10000000,10000,1404958994,1,-0.2881993594652185,6169.933426141739
shuffled,4,PF00153,PF00011,239,2,121,10000000,10000,1860030626,1,-0.08934898204200843,6333.813456058502
shuffled,4,PF00153,PF00011,240,0,121,10000000,10000,2127069803,0,0.10773274659589774,6092.4349575042725
shuffled,5,PF00153,PF00011,238,1,121,10000000,10000,305342162,1,-0.41581564409336363,6439.537605524063
shuffled,5,PF00153,PF00011,239,2,121,10000000,10000,793972578,1,-0.09002563774555555,3542.0176384449005
shuffled,5,PF00153,PF00011,240,0,121,10000000,10000,1061576107,0,0.08350500590834023,6147.360906600952
shuffled,6,PF00153,PF00011,238,1,121,10000000,10000,198262995,1,-0.20626171197839288,6331.757410526276
shuffled,6,PF00153,PF00011,239,2,121,10000000,10000,917596515,1,-0.29913107918602905,6228.4830729961395
shuffled,6,PF00153,PF00011,240,0,121,10000000,10000,648297386,0,0.5141778780723585,3586.761904001236
shuffled,7,PF00153,PF00011,238,1,121,10000000,10000,1247780627,1,-0.16853960147852562,6428.633489608765
shuffled,7,PF00153,PF00011,239,2,121,10000000,10000,2000664227,1,-0.2864814575256682,6257.458110332489
shuffled,7,PF00153,PF00011,240,0,121,10000000,10000,1730864234,0,0.03093425717146792,6363.820692539215
shuffled,8,PF00153,PF00011,238,1,121,10000000,10000,1504144341,1,-0.10309566127680847,6464.0347719192505
shuffled,8,PF00153,PF00011,239,2,121,10000000,10000,1690780261,1,-0.20578298191472053,6152.572471618652
shuffled,8,PF00153,PF00011,240,0,121,10000000,10000,1959923884,0,0.42052758900382037,6451.375776767731
shuffled,9,PF00153,PF00011,238,1,121,10000000,10000,405386261,1,-0.2145628879764349,3394.458923101425
shuffled,9,PF00153,PF00011,239,2,121,10000000,10000,625581477,1,-0.24143936409166492,6270.365602970123
shuffled,9,PF00153,PF00011,240,0,121,10000000,10000,895274860,0,0.09705180850199799,5997.252326726913
shuffled,10,PF00153,PF00011,238,1,121,10000000,10000,2025965311,1,-0.2132708525809893,6048.933027505875
shuffled,10,PF00153,PF00011,239,2,121,10000000,10000,1168240463,1,-0.34090245344014475,5979.971952199936
shuffled,10,PF00153,PF00011,240,0,121,10000000,10000,1437908358,0,0.2167038659201934,2959.7684161663055
shuffled,11,PF00153,PF00011,238,1,121,10000000,10000,961485119,1,-0.27616197075763554,5491.498717784882
shuffled,11,PF00153,PF00011,239,2,121,10000000,10000,70201487,1,-0.023901797509786497,3401.168922185898
shuffled,11,PF00153,PF00011,240,0,121,10000000,10000,339370566,1,-0.08285444491164314,6145.008237838745
shuffled,12,PF00153,PF00011,238,1,121,10000000,10000,548241214,1,-0.5247347073284018,6112.340125322342
shuffled,12,PF00153,PF00011,239,2,121,10000000,10000,499996302,1,-0.05844650080898915,3414.0092766284943
shuffled,12,PF00153,PF00011,240,0,121,10000000,10000,232260679,1,-0.006451981538848572,6074.895162343979
shuffled,13,PF00153,PF00011,238,1,121,10000000,10000,1629724926,1,-0.5184115231568416,6150.084174871445
shuffled,13,PF00153,PF00011,239,2,121,10000000,10000,1547929934,1,-0.31179504668073293,6271.4410519599915
shuffled,13,PF00153,PF00011,240,0,121,10000000,10000,1280760711,0,0.23564927045060316,6100.84712100029
shuffled,14,PF00153,PF00011,238,1,121,10000000,10000,1209578877,1,-0.19319077479262706,6107.2074427604675
shuffled,14,PF00153,PF00011,239,2,121,10000000,10000,1970838733,0,0.11991982257129506,6371.010312080383
shuffled,14,PF00153,PF00011,240,0,121,10000000,10000,1701694980,0,0.04543046345128005,6381.202169179916
shuffled,15,PF00153,PF00011,238,1,121,10000000,10000,160852669,1,-0.3102382158879618,3598.4023146629333
shuffled,15,PF00153,PF00011,239,2,121,10000000,10000,888554253,1,-0.03663025879026144,6177.528955936432
shuffled,15,PF00153,PF00011,240,0,121,10000000,10000,618860996,0,0.1073497201332995,6177.162954568863
shuffled,16,PF00153,PF00011,238,1,121,10000000,10000,276040892,1,-0.2249930757872483,6152.128982543945
shuffled,16,PF00153,PF00011,239,2,121,10000000,10000,756294924,0,0.024962855096829006,6030.523738384247
shuffled,16,PF00153,PF00011,240,0,121,10000000,10000,1023506373,0,0.28023747014642114,6076.056058883667
shuffled,17,PF00153,PF00011,238,1,121,10000000,10000,1375392636,1,-0.36265164244294534,6100.3413162231445
shuffled,17,PF00153,PF00011,239,2,121,10000000,10000,1822096076,1,-0.2841486790308341,6092.753564834595
shuffled,17,PF00153,PF00011,240,0,121,10000000,10000,2089789445,0,0.49706789999079554,6207.104519367218
shuffled,18,PF00153,PF00011,238,1,121,10000000,10000,1107437498,1,-0.17186819363356187,6038.092481851578
shuffled,18,PF00153,PF00011,239,2,121,10000000,10000,2137132554,1,-0.15716053323306323,3513.87708067894
shuffled,18,PF00153,PF00011,240,0,121,10000000,10000,1870093507,0,0.3873099693729166,5996.291607141495
shuffled,19,PF00153,PF00011,238,1,121,10000000,10000,59570298,1,-0.014666713463061668,6206.879057168961
shuffled,19,PF00153,PF00011,239,2,121,10000000,10000,1055707594,1,-0.29708355119154956,6107.461037874222
shuffled,19,PF00153,PF00011,240,0,121,10000000,10000,788103939,0,0.23165099525709928,6255.401927947998
shuffled,20,PF00153,PF00011,238,1,121,10000000,10000,257889295,1,-0.15874418682244093,6163.317053079605
shuffled,20,PF00153,PF00011,239,2,121,10000000,10000,843005375,1,-0.1788908074677311,6096.249600172043
shuffled,20,PF00153,PF00011,240,0,121,10000000,10000,573206390,0,0.3236603160642482,6404.913099765778
shuffled,21,PF00153,PF00011,238,1,121,10000000,10000,1322372047,1,-0.1734449254151253,6449.224364519119
shuffled,21,PF00153,PF00011,239,2,121,10000000,10000,1941037695,1,-0.15410768988034348,5530.3120629787445
shuffled,21,PF00153,PF00011,240,0,121,10000000,10000,1671737526,0,0.45661184424752405,5590.737687587738
shuffled,22,PF00153,PF00011,238,1,121,10000000,10000,1463004622,1,-0.3424121851512266,6529.408448219299
shuffled,22,PF00153,PF00011,239,2,121,10000000,10000,1783858302,1,-0.1698952339550773,6340.939591407776
shuffled,22,PF00153,PF00011,240,0,121,10000000,10000,2051462839,1,-0.06966501449893751,6488.778154373169
shuffled,23,PF00153,PF00011,238,1,121,10000000,10000,381514254,1,-0.3143750673219551,6452.236531734467
shuffled,23,PF00153,PF00011,239,2,121,10000000,10000,735927230,1,-0.044709210398341234,6347.281184434891
shuffled,23,PF00153,PF00011,240,0,121,10000000,10000,1002965367,0,0.7720968031661039,6552.016799688339
shuffled,24,PF00153,PF00011,238,1,121,10000000,10000,1065772941,0,0.14758605710495826,6344.5093739032745
shuffled,24,PF00153,PF00011,239,2,121,10000000,10000,48647741,1,-0.12641005008671266,2928.0720343589783
shuffled,24,PF00153,PF00011,240,0,121,10000000,10000,317922548,0,0.2758859016798594,3434.967690229416
shuffled,25,PF00153,PF00011,238,1,121,10000000,10000,2114500685,1,-0.18970006696191008,6238.926994800568
shuffled,25,PF00153,PF00011,239,2,121,10000000,10000,1130926589,1,-0.2850694713476274,3397.186809539795
shuffled,25,PF00153,PF00011,240,0,121,10000000,10000,1400750900,0,0.3201120412087919,6306.546816587448
shuffled,26,PF00153,PF00011,238,1,121,10000000,10000,1743445580,1,-0.31510599107720205,3487.336113214493
shuffled,26,PF00153,PF00011,239,2,121,10000000,10000,1519056892,1,-0.337362811688127,6339.5694398880005
shuffled,26,PF00153,PF00011,240,0,121,10000000,10000,1251976501,0,0.33096000216491106,6590.508297920227
shuffled,27,PF00153,PF00011,238,1,121,10000000,10000,644088204,1,-0.3602004100176438,6414.3499364852905
shuffled,27,PF00153,PF00011,239,2,121,10000000,10000,453257276,1,-0.23579652056451766,6434.276787281036
shuffled,27,PF00153,PF00011,240,0,121,10000000,10000,185694965,0,0.18940228246665394,6751.455658912659
shuffled,28,PF00153,PF00011,238,1,121,10000000,10000,899478858,1,-0.13942171011642407,6523.001818180084
shuffled,28,PF00153,PF00011,239,2,121,10000000,10000,150789370,1,-0.2870870855026004,3627.200117588043
shuffled,28,PF00153,PF00011,240,0,121,10000000,10000,417959475,0,0.2722559205065596,3671.598717689514
shuffled,29,PF00153,PF00011,238,1,121,10000000,10000,1947347594,0,0.061164599505664365,6172.366782665253
shuffled,29,PF00153,PF00011,239,2,121,10000000,10000,1232208698,1,-0.34700107031147615,6394.692093372345
shuffled,29,PF00153,PF00011,240,0,121,10000000,10000,1499943411,0,0.11564715639220047,6302.351667881012
standard,-1,PF00153,PF00011,238,1,121,10000000,10000,1341135230,0,1.2786243758768479,5551.141037464142
standard,-1,PF00153,PF00011,239,2,121,10000000,10000,1922052302,1,-0.451582142105291,4750.29368519783
standard,-1,PF00153,PF00011,240,0,121,10000000,10000,1652908551,0,0.9095051312964295,5592.699964284897
permuted,0,PF00271,PF00018,121,1,121,10000000,10000,271642332,0,1.4104007493533652,4312.146456003189
permuted,0,PF00271,PF00018,122,2,121,10000000,10000,1469092876,1,-0.6479350060772296,2410.150713443756
permuted,0,PF00271,PF00018,123,0,121,10000000,10000,1794162108,1,-0.21867300565088407,4255.655376911163
permuted,1,PF00271,PF00018,121,1,121,10000000,10000,1371418908,0,0.15628246674716073,2475.9911301136017
permuted,1,PF00271,PF00018,122,2,121,10000000,10000,371084236,1,-1.3694839381126636,2398.239061832428
permuted,1,PF00271,PF00018,123,0,121,10000000,10000,729703036,1,-0.8394181921788021,4246.391713142395
permuted,2,PF00271,PF00018,121,1,121,10000000,10000,1214011165,1,-0.12533569330938557,3653.198476791382
permuted,2,PF00271,PF00018,122,2,121,10000000,10000,268185037,1,-0.6700969735667778,2485.6319513320923
permuted,2,PF00271,PF00018,123,0,121,10000000,10000,849085565,0,0.10749802844315626,4377.345709323883
permuted,3,PF00271,PF00018,121,1,121,10000000,10000,164792541,0,0.4220387225128934,4161.118877649307
permuted,3,PF00271,PF00018,122,2,121,10000000,10000,1316155917,1,-1.0207111622392129,2451.1689023971558
permuted,3,PF00271,PF00018,123,0,121,10000000,10000,1930615741,1,-0.3249578507516166,3607.9966456890106
permuted,4,PF00271,PF00018,121,1,121,10000000,10000,552181086,0,0.8970823573944354,2048.766528367996
permuted,4,PF00271,PF00018,122,2,121,10000000,10000,1732896654,1,-0.48853186978615476,4199.956678390503
permuted,4,PF00271,PF00018,123,0,121,10000000,10000,1512689214,1,-1.2271549333138534,4212.865044593811
permuted,5,PF00271,PF00018,121,1,121,10000000,10000,1634157214,1,-0.09800987676593369,4159.802917480469
permuted,5,PF00271,PF00018,122,2,121,10000000,10000,650590286,1,-0.7334958506249847,4274.757702112198
permuted,5,PF00271,PF00018,123,0,121,10000000,10000,463933950,1,-0.5892821889762636,4122.863543510437
permuted,6,PF00271,PF00018,121,1,121,10000000,10000,2021991583,0,1.0378174867816043,2446.4394750595093
permuted,6,PF00271,PF00018,122,2,121,10000000,10000,1059413583,1,-0.9963429778277445,4134.695842504501
permuted,6,PF00271,PF00018,123,0,121,10000000,10000,38107135,1,-0.9448508787755785,4244.561777591705
permuted,7,PF00271,PF00018,121,1,121,10000000,10000,957086559,0,0.9037193636568792,4195.291540145874
permuted,7,PF00271,PF00018,122,2,121,10000000,10000,2125169039,1,-0.07588342281410536,4196.1119112968445
permuted,7,PF00271,PF00018,123,0,121,10000000,10000,1137420351,1,-0.20575768661017546,4271.575175046921
permuted,8,PF00271,PF00018,121,1,121,10000000,10000,720572313,0,0.4278948704110616,4224.197098970413
permuted,8,PF00271,PF00018,122,2,121,10000000,10000,1834186057,1,-0.6088231188169393,4201.180556058884
permuted,8,PF00271,PF00018,123,0,121,10000000,10000,1345543417,1,-0.16935000150429033,4261.68399310112
permuted,9,PF00271,PF00018,121,1,121,10000000,10000,1803407449,0,0.4783702142927856,2412.588062763214
permuted,9,PF00271,PF00018,122,2,121,10000000,10000,752724617,1,-0.39071219370533805,2404.7758231163025
permuted,9,PF00271,PF00018,123,0,121,10000000,10000,297632569,1,-0.10573962142558785,4185.012452125549
permuted,10,PF00271,PF00018,121,1,121,10000000,10000,194355891,0,0.16249351099300213,4187.539611577988
permuted,10,PF00271,PF00018,122,2,121,10000000,10000,1278597219,1,-1.0188859258509375,4135.853642702103
permuted,10,PF00271,PF00018,123,0,121,10000000,10000,1901457875,1,-0.498004536719416,4239.715422153473
permuted,11,PF00271,PF00018,121,1,121,10000000,10000,1243315571,0,1.1126865458643893,4190.621479034424
permuted,11,PF00271,PF00018,122,2,121,10000000,10000,230360995,1,-0.7505099894300179,2462.8928139209747
permuted,11,PF00271,PF00018,123,0,121,10000000,10000,819670547,1,-0.5563407396693605,4218.482148647308
permuted,12,PF00271,PF00018,121,1,121,10000000,10000,1408834418,0,0.9137731634761896,4355.3434953689575
permuted,12,PF00271,PF00018,122,2,121,10000000,10000,341402018,1,-0.6811524492906148,4258.095260858536
permuted,12,PF00271,PF00018,123,0,121,10000000,10000,691619858,1,-0.12276252218961696,4270.086961507797
permuted,13,PF00271,PF00018,121,1,121,10000000,10000,309839026,0,0.5336563722854524,2054.876079559326
permuted,13,PF00271,PF00018,122,2,121,10000000,10000,1440202338,1,-1.13017278646466,4243.534801483154
permuted,13,PF00271,PF00018,123,0,121,10000000,10000,1756862418,0,0.27269182726223884,4264.259123086929
permuted,14,PF00271,PF00018,121,1,121,10000000,10000,994890033,1,-0.1755381668177846,4173.621412992477
permuted,14,PF00271,PF00018,122,2,121,10000000,10000,2095885281,1,-0.6896277242150896,4078.233543395996
permuted,14,PF00271,PF00018,123,0,121,10000000,10000,1099727441,1,-0.26252704549850964,2474.217100381851
permuted,15,PF00271,PF00018,121,1,121,10000000,10000,2059538161,0,0.2771854935480368,4205.261079549789
permuted,15,PF00271,PF00018,122,2,121,10000000,10000,1029862433,1,-0.6163628603984057,4190.555583000183
permuted,15,PF00271,PF00018,123,0,121,10000000,10000,155025,1,-0.5466630173980813,4326.24481844902
permuted,16,PF00271,PF00018,121,1,121,10000000,10000,1663068400,0,1.0071566300610233,4345.2272844314575
permuted,16,PF00271,PF00018,122,2,121,10000000,10000,612373024,1,-0.4975841210181247,4197.009793758392
permuted,16,PF00271,PF00018,123,0,121,10000000,10000,434125712,1,-1.0060488909788436,4114.113973617554
permuted,17,PF00271,PF00018,121,1,121,10000000,10000,581875504,0,0.2542959732196555,2473.6053354740143
permuted,17,PF00271,PF00018,122,2,121,10000000,10000,1695469024,1,-0.2179424171298437,4363.751585245132
permuted,17,PF00271,PF00018,123,0,121,10000000,10000,1483662416,1,-0.20413137457336653,4225.964743852615
permuted,18,PF00271,PF00018,121,1,121,10000000,10000,827737078,1,-0.11824119838049713,2005.6631491184235
permuted,18,PF00271,PF00018,122,2,121,10000000,10000,1995847974,1,-0.7707291817141041,2390.3427488803864
permuted,18,PF00271,PF00018,123,0,121,10000000,10000,1268125846,1,-0.22152140475964208,2400.5378983020782
permuted,19,PF00271,PF00018,121,1,121,10000000,10000,1893243958,0,0.6520277326561624,2394.39599442482
permuted,19,PF00271,PF00018,122,2,121,10000000,10000,930670310,1,-0.3593991974290797,2449.371234178543
permuted,19,PF00271,PF00018,123,0,121,10000000,10000,169398102,1,-0.645226218353071,3511.43954706192
permuted,20,PF00271,PF00018,121,1,121,10000000,10000,2081124419,0,1.0241137783437022,3624.3554916381836
permuted,20,PF00271,PF00018,122,2,121,10000000,10000,1001065107,1,-0.7991110622789882,4184.952998161316
permuted,20,PF00271,PF00018,123,0,121,10000000,10000,113976099,0,0.1729152479863633,4206.171978473663
permuted,21,PF00271,PF00018,121,1,121,10000000,10000,1032171395,1,-0.3702438555720523,4316.193577528
permuted,21,PF00271,PF00018,122,2,121,10000000,10000,2049299795,1,-0.2482248455026666,4253.73225402832
permuted,21,PF00271,PF00018,123,0,121,10000000,10000,1195769059,1,-0.5651562836283234,4174.59672832489
permuted,22,PF00271,PF00018,121,1,121,10000000,10000,610781570,0,0.325592943814091,4223.719404697418
permuted,22,PF00271,PF00018,122,2,121,10000000,10000,1674031954,0,0.06447940195449141,4243.764401674271
permuted,22,PF00271,PF00018,123,0,121,10000000,10000,1588042466,0,0.18710998870139173,4250.9928855896
permuted,23,PF00271,PF00018,121,1,121,10000000,10000,1709774402,0,1.3300598011729043,4248.1221742630005
permuted,23,PF00271,PF00018,122,2,121,10000000,10000,575237266,1,-0.9881042117134099,4153.971965551376
permuted,23,PF00271,PF00018,123,0,121,10000000,10000,522798370,1,-0.5522847515584113,4221.38990688324
permuted,24,PF00271,PF00018,121,1,121,10000000,10000,1288831937,0,0.8023431837111882,2506.1373031139374
permuted,24,PF00271,PF00018,122,2,121,10000000,10000,192051473,1,-0.7014936538396702,4283.174967288971
permuted,24,PF00271,PF00018,123,0,121,10000000,10000,907169953,1,-0.5687909712171731,4147.217467784882
permuted,25,PF00271,PF00018,121,1,121,10000000,10000,224189441,0,0.4433704257408496,2059.4820308685303
permuted,25,PF00271,PF00018,122,2,121,10000000,10000,1258071761,1,-0.8692148433901332,4277.743646621704
permuted,25,PF00271,PF00018,123,0,121,10000000,10000,2006749025,0,0.41279190892056744,4277.026262760162
permuted,26,PF00271,PF00018,121,1,121,10000000,10000,348043776,0,1.0425315489875084,4251.43785905838
permuted,26,PF00271,PF00018,122,2,121,10000000,10000,1394524368,1,-0.3081717757991935,4159.970432758331
permuted,26,PF00271,PF00018,123,0,121,10000000,10000,1853811040,0,0.1530482567110439,4283.93404340744
permuted,27,PF00271,PF00018,121,1,121,10000000,10000,1429235136,0,1.022096502457564,4226.000463724136
permuted,27,PF00271,PF00018,122,2,121,10000000,10000,311435024,1,-1.3248580787599924,4220.253835916519
permuted,27,PF00271,PF00018,123,0,121,10000000,10000,804271776,1,-0.7728687884282449,4255.640719652176
permuted,28,PF00271,PF00018,121,1,121,10000000,10000,1187549446,0,0.7008465124149205,4228.479613304138
permuted,28,PF00271,PF00018,122,2,121,10000000,10000,23653334,1,-0.4312773557530222,4235.773773431778
permuted,28,PF00271,PF00018,123,0,121,10000000,10000,1007207014,1,-0.217565817359775,4187.169021844864
permuted,29,PF00271,PF00018,121,1,121,10000000,10000,122048198,0,1.4861552734333343,4237.247849941254
permuted,29,PF00271,PF00018,122,2,121,10000000,10000,1088828438,1,-0.14757990190213238,4346.1011300086975
permuted,29,PF00271,PF00018,123,0,121,10000000,10000,2105941414,0,0.09474904153831265,4412.628881692886
scrambled,0,PF00271,PF00018,121,1,121,10000000,10000,1540113600,1,-1.110464473765414,4804.207415103912
scrambled,0,PF00271,PF00018,122,2,121,10000000,10000,476855824,1,-0.6147113730632638,4822.203950166702
scrambled,0,PF00271,PF00018,123,0,121,10000000,10000,554440608,1,-0.5093831495639605,4772.471735954285
scrambled,1,PF00271,PF00018,121,1,121,10000000,10000,440572672,1,-1.204117284260334,4678.05791926384
scrambled,1,PF00271,PF00018,122,2,121,10000000,10000,1575150032,1,-1.0234046266006522,4663.444141149521
scrambled,1,PF00271,PF00018,123,0,121,10000000,10000,1619183712,1,-0.4411751936074309,4690.464123249054
scrambled,2,PF00271,PF00018,121,1,121,10000000,10000,60882177,1,-0.7614429291031413,4657.582269191742
scrambled,2,PF00271,PF00018,122,2,121,10000000,10000,1140885457,1,-0.900120840287124,4572.01194024086
scrambled,2,PF00271,PF00018,123,0,121,10000000,10000,2036379233,1,-0.7769599121341523,3979.9979963302612
scrambled,3,PF00271,PF00018,121,1,121,10000000,10000,1110319809,1,-0.533169643090188,4730.102009057999
scrambled,3,PF00271,PF00018,122,2,121,10000000,10000,93214737,1,-0.5275163063921332,2676.0307660102844
scrambled,3,PF00271,PF00018,123,0,121,10000000,10000,955150753,0,0.2650585431741551,4032.157360315323
scrambled,4,PF00271,PF00018,121,1,121,10000000,10000,1796552514,1,-0.2621363444385878,4684.154273748398
scrambled,4,PF00271,PF00018,122,2,121,10000000,10000,750079378,1,-0.15354824883384804,4527.420902013779
scrambled,4,PF00271,PF00018,123,0,121,10000000,10000,299197474,1,-0.20684101350113296,4633.56019282341
scrambled,5,PF00271,PF00018,121,1,121,10000000,10000,714860674,1,-0.9984821392180162,2611.826237678528
scrambled,5,PF00271,PF00018,122,2,121,10000000,10000,1832620626,1,-1.0417644884955706,2580.7876031398773
scrambled,5,PF00271,PF00018,123,0,121,10000000,10000,1348189154,1,-0.468362754061435,2204.7518141269684
scrambled,6,PF00271,PF00018,121,1,121,10000000,10000,863604355,1,-1.3146894804969806,2806.088739156723
scrambled,6,PF00271,PF00018,122,2,121,10000000,10000,1960440915,1,-0.8059409797149861,4720.234353303909
scrambled,6,PF00271,PF00018,123,0,121,10000000,10000,1236917731,1,-0.5481562084655546,4686.564580202103
scrambled,7,PF00271,PF00018,121,1,121,10000000,10000,1928810819,1,-0.6706184773598098,4758.761407136917
scrambled,7,PF00271,PF00018,122,2,121,10000000,10000,894905235,1,-0.3087471672395295,2733.037092924118
scrambled,7,PF00271,PF00018,123,0,121,10000000,10000,137822755,1,-0.1173802395493404,4647.70901966095
scrambled,8,PF00271,PF00018,121,1,121,10000000,10000,1628415365,1,-0.9327353693328037,4661.599002122879
scrambled,8,PF00271,PF00018,122,2,121,10000000,10000,649060181,1,-0.7735686773032258,4712.733553647995
scrambled,8,PF00271,PF00018,123,0,121,10000000,10000,466613989,1,-0.2512037414575578,4668.481549024582
scrambled,9,PF00271,PF00018,121,1,121,10000000,10000,545356357,1,-0.7123766859590126,4756.235373258591
scrambled,9,PF00271,PF00018,122,2,121,10000000,10000,1730216085,1,-0.608409093326751,4653.967955112457
scrambled,9,PF00271,PF00018,123,0,121,10000000,10000,1514219813,1,-0.7349366342175105,4729.13756608963
scrambled,10,PF00271,PF00018,121,1,121,10000000,10000,1080625327,1,-0.8378443751395094,4751.898239374161
scrambled,10,PF00271,PF00018,122,2,121,10000000,10000,130642559,1,-0.19558285318202615,4766.192020893097
scrambled,10,PF00271,PF00018,123,0,121,10000000,10000,984177615,0,0.2169700059272235,4711.758669376373
scrambled,11,PF00271,PF00018,121,1,121,10000000,10000,31971183,1,-0.7927528189638015,4598.474657058716
scrambled,11,PF00271,PF00018,122,2,121,10000000,10000,1179102655,1,-0.3671567164315894,4625.378623485565
scrambled,11,PF00271,PF00018,123,0,121,10000000,10000,2066187279,0,0.1998997829066622,4640.66904425621
scrambled,12,PF00271,PF00018,121,1,121,10000000,10000,403026286,1,-0.3306958123373298,2605.9682676792145
scrambled,12,PF00271,PF00018,122,2,121,10000000,10000,1604701118,1,-0.6171346289440218,4567.9325613975525
scrambled,12,PF00271,PF00018,123,0,121,10000000,10000,1657135630,1,-0.6313538249419802,4609.944202184677
scrambled,13,PF00271,PF00018,121,1,121,10000000,10000,1502310062,1,-0.7790602819690444,4743.179533004761
scrambled,13,PF00271,PF00018,122,2,121,10000000,10000,506139774,1,-0.35564048860313985,4755.2560176849365
scrambled,13,PF00271,PF00018,123,0,121,10000000,10000,592133582,1,-0.15760334786020935,4651.244154691696
scrambled,14,PF00271,PF00018,121,1,121,10000000,10000,1890614061,0,0.05253467007345081,2188.7023055553436
scrambled,14,PF00271,PF00018,122,2,121,10000000,10000,923795965,1,-0.7481854353824217,4679.8737914562225
scrambled,14,PF00271,PF00018,123,0,121,10000000,10000,175122509,1,-0.24266495137367128,4732.30934214592
scrambled,15,PF00271,PF00018,121,1,121,10000000,10000,826189037,1,-0.9869216576828566,4809.617507219315
scrambled,15,PF00271,PF00018,122,2,121,10000000,10000,1990123069,1,-1.077667063438884,2658.5434556007385
scrambled,15,PF00271,PF00018,123,0,121,10000000,10000,1275000717,1,-0.48123608322146993,2652.9433903694153
scrambled,16,PF00271,PF00018,121,1,121,10000000,10000,685556460,1,-0.8784826671862106,4701.298998117447
scrambled,16,PF00271,PF00018,122,2,121,10000000,10000,1870444604,1,-1.3920602991135067,2588.5034143924713
scrambled,16,PF00271,PF00018,123,0,121,10000000,10000,1377603980,1,-0.43763485047008166,4495.030304908752
scrambled,17,PF00271,PF00018,121,1,121,10000000,10000,1766989100,1,-0.824597821897266,4794.582942724228
scrambled,17,PF00271,PF00018,122,2,121,10000000,10000,787638268,1,-0.8266929890440768,4599.371864795685
scrambled,17,PF00271,PF00018,123,0,121,10000000,10000,328355404,1,-0.52861743799593,4882.094170808792
scrambled,18,PF00271,PF00018,121,1,121,10000000,10000,2058021354,1,-1.2346476348777742,4842.912952184677
scrambled,18,PF00271,PF00018,122,2,121,10000000,10000,1024103226,1,-0.7910069123398018,4670.404577732086
scrambled,18,PF00271,PF00018,123,0,121,10000000,10000,6994570,1,-0.14008378575921596,2765.1486852169037
scrambled,19,PF00271,PF00018,121,1,121,10000000,10000,992228906,1,-1.131273221446386,4692.375396728516
scrambled,19,PF00271,PF00018,122,2,121,10000000,10000,2089045242,1,-0.28490968815807605,4777.857451200485
scrambled,19,PF00271,PF00018,123,0,121,10000000,10000,1105487178,0,0.05066360033863229,2227.0715656280518
scrambled,20,PF00271,PF00018,121,1,121,10000000,10000,938990175,1,-0.6176767260830588,4820.882660627365
scrambled,20,PF00271,PF00018,122,2,121,10000000,10000,1884790927,1,-0.5666538056453153,2796.975886106491
scrambled,20,PF00271,PF00018,123,0,121,10000000,10000,1295485247,0,0.010233646188878889,4086.1639029979706
scrambled,21,PF00271,PF00018,121,1,121,10000000,10000,1987642783,1,-0.6506936651572754,4060.30877327919
scrambled,21,PF00271,PF00018,122,2,121,10000000,10000,836337487,1,-0.6245313099730939,4652.987609386444
scrambled,21,PF00271,PF00018,123,0,121,10000000,10000,213473023,0,0.026268805889858356,4754.06446480751
scrambled,22,PF00271,PF00018,121,1,121,10000000,10000,1872454558,1,-0.9919952513616823,4689.613487243652
scrambled,22,PF00271,PF00018,122,2,121,10000000,10000,674961742,1,-0.42598576444030706,4667.083013296127
scrambled,22,PF00271,PF00018,123,0,121,10000000,10000,358297854,0,0.007213763999070416,4690.686418294907
scrambled,23,PF00271,PF00018,121,1,121,10000000,10000,773176414,1,-0.710973726893504,4619.627170562744
scrambled,23,PF00271,PF00018,122,2,121,10000000,10000,1773520526,1,-0.683958413547619,4567.540185928345
scrambled,23,PF00271,PF00018,123,0,121,10000000,10000,1423306558,1,-0.16973503849164123,2645.712682723999
scrambled,24,PF00271,PF00018,121,1,121,10000000,10000,120498653,1,-0.44839038585707347,4744.717579364777
scrambled,24,PF00271,PF00018,122,2,121,10000000,10000,1083101965,1,-0.710003204493111,2642.755789041519
scrambled,24,PF00271,PF00018,123,0,121,10000000,10000,2112813757,0,0.11949824616474683,2645.2338087558746
scrambled,25,PF00271,PF00018,121,1,121,10000000,10000,1184921117,1,-1.4102112581572888,4576.478240728378
scrambled,25,PF00271,PF00018,122,2,121,10000000,10000,16780493,1,-0.5327619312594801,4635.971743583679
scrambled,25,PF00271,PF00018,123,0,121,10000000,10000,1012934013,1,-0.11592032866152711,4577.335701704025
scrambled,26,PF00271,PF00018,121,1,121,10000000,10000,1598165020,1,-1.120417231319129,4636.758559465408
scrambled,26,PF00271,PF00018,122,2,121,10000000,10000,417491660,1,-1.2410156767552323,4675.837266206741
scrambled,26,PF00271,PF00018,123,0,121,10000000,10000,629293948,1,-0.49909847208003105,2225.888438940048
scrambled,27,PF00271,PF00018,121,1,121,10000000,10000,516739036,1,-1.4353547084542004,4738.1984786987305
scrambled,27,PF00271,PF00018,122,2,121,10000000,10000,1500296460,1,-1.4285243486725414,4635.729305028915
scrambled,27,PF00271,PF00018,123,0,121,10000000,10000,1678548156,1,-0.5160647713557972,4639.985962152481
scrambled,28,PF00271,PF00018,121,1,121,10000000,10000,221526810,1,-1.1933402046717854,4692.397573232651
scrambled,28,PF00271,PF00018,122,2,121,10000000,10000,1251230154,1,-1.2991981690518526,4762.737512588501
scrambled,28,PF00271,PF00018,123,0,121,10000000,10000,2012506234,1,-0.37299741785776047,2792.8904445171356
scrambled,29,PF00271,PF00018,121,1,121,10000000,10000,1287316698,1,-0.6906353910994315,4784.243677854538
scrambled,29,PF00271,PF00018,122,2,121,10000000,10000,186293770,1,-0.8695097516395258,4667.176489830017
scrambled,29,PF00271,PF00018,123,0,121,10000000,10000,914012090,1,-0.8420917479739668,4611.667694091797
shuffled,0,PF00271,PF00018,121,1,121,10000000,10000,2135861225,1,-1.228418367893511,4741.5113134384155
shuffled,0,PF00271,PF00018,122,2,121,10000000,10000,955178297,1,-1.235028980504706,4681.632117986679
shuffled,0,PF00271,PF00018,123,0,121,10000000,10000,93254793,1,-0.7089093105179629,4580.225058078766
shuffled,1,PF00271,PF00018,121,1,121,10000000,10000,1052801065,1,-1.3578660467109487,4037.262530565262
shuffled,1,PF00271,PF00018,122,2,121,10000000,10000,2036335353,1,-1.2040931513086868,2232.8821392059326
shuffled,1,PF00271,PF00018,123,0,121,10000000,10000,1140861769,1,-0.8322241439774949,2695.6985313892365
shuffled,2,PF00271,PF00018,121,1,121,10000000,10000,656547368,1,-1.3785284666385267,4575.75340628624
shuffled,2,PF00271,PF00018,122,2,121,10000000,10000,1619158264,1,-0.8106717236254644,3965.67600941658
shuffled,2,PF00271,PF00018,123,0,121,10000000,10000,1575112008,1,-0.49094856164677636,4608.119282960892
shuffled,3,PF00271,PF00018,121,1,121,10000000,10000,1722597864,1,-1.5246152127426706,4855.420642852783
shuffled,3,PF00271,PF00018,122,2,121,10000000,10000,554482488,1,-1.2616191291028915,4623.677969932556
shuffled,3,PF00271,PF00018,123,0,121,10000000,10000,476877448,1,-1.35287648831552,4681.192902088165
shuffled,4,PF00271,PF00018,121,1,121,10000000,10000,1335350379,1,-1.4366406837659809,4649.343966960907
shuffled,4,PF00271,PF00018,122,2,121,10000000,10000,137866939,1,-1.0215132946332137,4598.081043481827
shuffled,4,PF00271,PF00018,123,0,121,10000000,10000,894928651,1,-1.1299378608325443,4621.78509926796
shuffled,5,PF00271,PF00018,121,1,121,10000000,10000,236522411,1,-1.2554316946543607,4693.079368114471
shuffled,5,PF00271,PF00018,122,2,121,10000000,10000,1236889979,1,-1.3100772567681078,2641.857936143875
shuffled,5,PF00271,PF00018,123,0,121,10000000,10000,1960401099,1,-0.356029564445099,4734.24038028717
shuffled,6,PF00271,PF00018,121,1,121,10000000,10000,402353578,1,-1.536132345662924,4579.478424549103
shuffled,6,PF00271,PF00018,122,2,121,10000000,10000,1348147066,1,-1.6855400106921075,2620.596178293228
shuffled,6,PF00271,PF00018,123,0,121,10000000,10000,1832599242,1,-0.9760511181471632,4580.733649492264
shuffled,7,PF00271,PF00018,121,1,121,10000000,10000,1450553962,1,-1.2939492666646506,4798.433561563492
shuffled,7,PF00271,PF00018,122,2,121,10000000,10000,299223226,1,-1.4115760735255622,2657.4761366844177
shuffled,7,PF00271,PF00018,123,0,121,10000000,10000,750117130,1,-0.8431585133703602,4882.268124580383
shuffled,8,PF00271,PF00018,121,1,121,10000000,10000,1166886572,1,-1.191517957269852,4742.432630062103
shuffled,8,PF00271,PF00018,122,2,121,10000000,10000,36519036,1,-1.5109544571232325,2767.055295228958
shuffled,8,PF00271,PF00018,123,0,121,10000000,10000,1062016460,1,-0.6984328809503734,4641.58038520813
shuffled,9,PF00271,PF00018,121,1,121,10000000,10000,67344748,1,-1.0504467724705406,4637.166753530502
shuffled,9,PF00271,PF00018,122,2,121,10000000,10000,1134814140,1,-1.4659372965812316,4497.833916187286
shuffled,9,PF00271,PF00018,123,0,121,10000000,10000,2126760460,1,-1.028982707015988,4598.118099451065
shuffled,10,PF00271,PF00018,121,1,121,10000000,10000,1693182854,1,-1.2093232807395111,4690.03010225296
shuffled,10,PF00271,PF00018,122,2,121,10000000,10000,592154966,1,-1.6213717897970183,4591.1151757240295
shuffled,10,PF00271,PF00018,123,0,121,10000000,10000,506181862,1,-0.8545715588793689,4665.787648677826
shuffled,11,PF00271,PF00018,121,1,121,10000000,10000,627389510,1,-1.7332004634623568,4509.94721364975
shuffled,11,PF00271,PF00018,122,2,121,10000000,10000,1657097878,1,-1.2902405627718467,4692.760154008865
shuffled,11,PF00271,PF00018,123,0,121,10000000,10000,1604675366,1,-0.6909239151040087,4646.592384815216
shuffled,12,PF00271,PF00018,121,1,121,10000000,10000,1015501383,1,-1.186003871782207,4784.3392996788025
shuffled,12,PF00271,PF00018,122,2,121,10000000,10000,2066163863,1,-1.1384646056288816,4623.44220495224
shuffled,12,PF00271,PF00018,123,0,121,10000000,10000,1179058471,1,-1.021296788229395,4629.592741250992
shuffled,13,PF00271,PF00018,121,1,121,10000000,10000,2097778055,1,-1.0497562047496245,4683.969261884689
shuffled,13,PF00271,PF00018,122,2,121,10000000,10000,984217431,1,-1.0168290018940318,4807.311563253403
shuffled,13,PF00271,PF00018,123,0,121,10000000,10000,130670311,1,-1.7201203944468912,2215.805097103119
shuffled,14,PF00271,PF00018,121,1,121,10000000,10000,1412601860,1,-1.2829808505653149,4664.107626438141
shuffled,14,PF00271,PF00018,122,2,121,10000000,10000,328393428,1,-0.9344995363745804,4698.502301692963
shuffled,14,PF00271,PF00018,123,0,121,10000000,10000,787663716,1,-0.6632170801722209,4800.615207910538
shuffled,15,PF00271,PF00018,121,1,121,10000000,10000,364660676,1,-1.8056235018266376,4711.170855998993
shuffled,15,PF00271,PF00018,122,2,121,10000000,10000,1377582356,1,-1.2875358948773727,4645.6949372291565
shuffled,15,PF00271,PF00018,123,0,121,10000000,10000,1870402724,1,-0.47347299801757314,2224.4575741291046
shuffled,16,PF00271,PF00018,121,1,121,10000000,10000,207495621,1,-1.348380316304415,2615.3576316833496
shuffled,16,PF00271,PF00018,122,2,121,10000000,10000,1274960661,1,-0.8522277875538833,2643.2171759605408
shuffled,16,PF00271,PF00018,123,0,121,10000000,10000,1990095525,1,-0.8107726386056883,2593.635585784912
shuffled,17,PF00271,PF00018,121,1,121,10000000,10000,1305542149,1,-1.5211856133812713,2696.4880533218384
shuffled,17,PF00271,PF00018,122,2,121,10000000,10000,175146197,1,-1.1150163894666207,2689.317197561264
shuffled,17,PF00271,PF00018,123,0,121,10000000,10000,923839845,1,-0.5083747176365064,4674.190187215805
shuffled,18,PF00271,PF00018,121,1,121,10000000,10000,1579682499,1,-1.0103489815685534,4564.544248342514
shuffled,18,PF00271,PF00018,122,2,121,10000000,10000,428371987,1,-1.0401601708308132,4542.254568815231
shuffled,18,PF00271,PF00018,123,0,121,10000000,10000,619207075,1,-0.6189417586364157,4589.208803892136
shuffled,19,PF00271,PF00018,121,1,121,10000000,10000,531027203,1,-1.5793707701807316,4651.866281747818
shuffled,19,PF00271,PF00018,122,2,121,10000000,10000,1476833235,1,-1.4235673951121381,4638.729595661163
shuffled,19,PF00271,PF00018,123,0,121,10000000,10000,1701217891,1,-0.47772499970988996,4776.133602619171
shuffled,20,PF00271,PF00018,121,1,121,10000000,10000,326449526,1,-1.3275984415887938,4723.738991498947
shuffled,20,PF00271,PF00018,122,2,121,10000000,10000,1423262630,1,-1.024095690691018,4720.382149934769
shuffled,20,PF00271,PF00018,123,0,121,10000000,10000,1773496854,1,-0.29514683438700745,4654.771804094315
shuffled,21,PF00271,PF00018,121,1,121,10000000,10000,1392240310,1,-1.1635629126736353,4612.361442089081
shuffled,21,PF00271,PF00018,122,2,121,10000000,10000,358325350,1,-1.1322139711141366,3982.5493063926697
shuffled,21,PF00271,PF00018,123,0,121,10000000,10000,675001814,1,-1.3997657156819954,4689.529206037521
shuffled,22,PF00271,PF00018,121,1,121,10000000,10000,1259962551,1,-1.439076227825904,4657.144887924194
shuffled,22,PF00271,PF00018,122,2,121,10000000,10000,213514855,1,-0.8934289836262945,4000.32452249527
shuffled,22,PF00271,PF00018,123,0,121,10000000,10000,836359127,1,-0.944225222352022,4782.980932235718
shuffled,23,PF00271,PF00018,121,1,121,10000000,10000,177692535,1,-1.3680248090929683,4666.960571527481
shuffled,23,PF00271,PF00018,122,2,121,10000000,10000,1295459751,1,-1.1630293425689753,4608.464086771011
shuffled,23,PF00271,PF00018,123,0,121,10000000,10000,1884752919,1,-0.9898170062045614,4590.460921287537
shuffled,24,PF00271,PF00018,121,1,121,10000000,10000,598493940,1,-1.7527594668362998,4577.611991405487
shuffled,24,PF00271,PF00018,122,2,121,10000000,10000,1678520356,1,-1.4558487522745256,4652.217275857925
shuffled,24,PF00271,PF00018,123,0,121,10000000,10000,1500256660,1,-0.6835607183057139,4661.578425168991
shuffled,25,PF00271,PF00018,121,1,121,10000000,10000,1646433588,1,-1.3362833944178338,4658.539889097214
shuffled,25,PF00271,PF00018,122,2,121,10000000,10000,629338084,1,-1.2816770151681929,2230.938772201538
shuffled,25,PF00271,PF00018,123,0,121,10000000,10000,417515092,1,-0.728241636963627,4643.848812818527
shuffled,26,PF00271,PF00018,121,1,121,10000000,10000,2076242741,1,-1.171396213341336,4802.945578098297
shuffled,26,PF00271,PF00018,122,2,121,10000000,10000,1012959717,1,-1.5018750234064424,4793.948467493057
shuffled,26,PF00271,PF00018,123,0,121,10000000,10000,16818261,1,-0.622136098539916,4742.470985412598
shuffled,27,PF00271,PF00018,121,1,121,10000000,10000,978201845,1,-1.2896168796365872,2651.9551858901978
shuffled,27,PF00271,PF00018,122,2,121,10000000,10000,2112771621,1,-1.2535956453229298,2671.9596235752106
shuffled,27,PF00271,PF00018,123,0,121,10000000,10000,1083080597,1,-0.9246730510336308,2688.563051700592
shuffled,28,PF00271,PF00018,121,1,121,10000000,10000,699848755,1,-1.5702696221083436,4744.269293308258
shuffled,28,PF00271,PF00018,122,2,121,10000000,10000,1846977251,1,-0.9761978410107297,4799.4522025585175
shuffled,28,PF00271,PF00018,123,0,121,10000000,10000,1400277843,1,-1.1161119202075456,2720.352586746216
shuffled,29,PF00271,PF00018,121,1,121,10000000,10000,1748502515,1,-0.9385894405798091,4718.064665079117
shuffled,29,PF00271,PF00018,122,2,121,10000000,10000,798522659,1,-1.4067426154791451,4674.8185839653015
shuffled,29,PF00271,PF00018,123,0,121,10000000,10000,318264467,1,-1.168213622942157,4716.554229736328
standard,-1,PF00271,PF00018,121,1,121,10000000,10000,1406809095,0,0.8824137714462092,2403.378152370453
standard,-1,PF00271,PF00018,122,2,121,10000000,10000,343559895,1,-0.7261153882705795,4216.5261442661285
standard,-1,PF00271,PF00018,123,0,121,10000000,10000,689596263,1,-1.4621478904197243,2425.8808472156525
permuted,0,PF00595,PF00013,166,1,121,10000000,10000,1734191895,0,1.8207468734711538,3974.5793187618256
permuted,0,PF00595,PF00013,167,2,121,10000000,10000,1513980583,1,-0.2410655334221572,3910.4576709270477
permuted,0,PF00595,PF00013,168,0,121,10000000,10000,1483543926,1,-0.037830885269836134,1900.7702975273132
permuted,1,PF00595,PF00013,166,1,121,10000000,10000,651392215,0,0.9236741033427804,4026.474620580673
permuted,1,PF00595,PF00013,167,2,121,10000000,10000,464739687,1,-0.419485934781537,3910.7747354507446
permuted,1,PF00595,PF00013,168,0,121,10000000,10000,434358966,0,0.15716789884301774,4020.829726457596
permuted,2,PF00595,PF00013,166,1,121,10000000,10000,1060180694,0,1.3630245047545853,3978.3036065101624
permuted,2,PF00595,PF00013,167,2,121,10000000,10000,38878054,0,0.12420173282746627,3891.041546344757
permuted,2,PF00595,PF00013,168,0,121,10000000,10000,109751,0,1.0211318734622234,3438.1984128952026
permuted,3,PF00595,PF00013,166,1,121,10000000,10000,2126499094,0,1.4723821997053463,3879.115685939789
permuted,3,PF00595,PF00013,167,2,121,10000000,10000,1138746534,0,0.24870495114428573,3901.6614224910736
permuted,3,PF00595,PF00013,168,0,121,10000000,10000,1099920247,0,0.6187888593643724,3968.7728354930878
permuted,4,PF00595,PF00013,166,1,121,10000000,10000,1468323989,0,2.039670368714468,3958.988681793213
permuted,4,PF00595,PF00013,167,2,121,10000000,10000,1793388837,0,0.21485454065131032,4033.692873477936
permuted,4,PF00595,PF00013,168,0,121,10000000,10000,1756653300,0,0.22325355951208734,2334.0912351608276
permuted,5,PF00595,PF00013,166,1,121,10000000,10000,369755989,0,0.9860235530806271,3941.644795894623
permuted,5,PF00595,PF00013,167,2,121,10000000,10000,728379109,0,0.456769551190794,3311.0992760658264
permuted,5,PF00595,PF00013,168,0,121,10000000,10000,691714356,0,0.11939540670683614,3973.446218252182
permuted,6,PF00595,PF00013,166,1,121,10000000,10000,266887508,0,1.58790452820836,3934.7631363868713
permuted,6,PF00595,PF00013,167,2,121,10000000,10000,847792356,1,-0.07505049835863536,3846.798670053482
permuted,6,PF00595,PF00013,168,0,121,10000000,10000,819519285,0,0.04187081196474293,3974.6580176353455
permuted,7,PF00595,PF00013,166,1,121,10000000,10000,1315356308,0,2.2893819163702456,2303.6995828151703
permuted,7,PF00595,PF00013,167,2,121,10000000,10000,1929811748,0,0.14164213400419967,3829.4797105789185
permuted,7,PF00595,PF00013,168,0,121,10000000,10000,1901461749,0,0.4376152911998232,4008.2514505386353
permuted,8,PF00595,PF00013,166,1,121,10000000,10000,1570654802,0,0.9573922758555216,3928.9311923980713
permuted,8,PF00595,PF00013,167,2,121,10000000,10000,1627284450,0,0.3252973489686612,3758.76256275177
permuted,8,PF00595,PF00013,168,0,121,10000000,10000,1655632947,0,0.6887690322800765,3907.263976573944
permuted,9,PF00595,PF00013,166,1,121,10000000,10000,470848914,0,1.080070944211461,3852.7247631549835
permuted,9,PF00595,PF00013,167,2,121,10000000,10000,561036322,0,0.14543508924374413,3914.941714525223
permuted,9,PF00595,PF00013,168,0,121,10000000,10000,589310963,0,1.2366663003747242,3982.431018590927
permuted,10,PF00595,PF00013,166,1,121,10000000,10000,2096686968,0,1.8762837483562884,3890.956030845642
permuted,10,PF00595,PF00013,167,2,121,10000000,10000,1100533448,0,0.11560916762632101,2220.8256418704987
permuted,10,PF00595,PF00013,168,0,121,10000000,10000,1137203481,0,0.10854884014217096,1857.1354303359985
permuted,11,PF00595,PF00013,166,1,121,10000000,10000,1031157944,0,1.9958526127597853,2231.515787124634
permuted,11,PF00595,PF00013,167,2,121,10000000,10000,1446152,0,0.7117617754804368,3866.581097126007
permuted,11,PF00595,PF00013,168,0,121,10000000,10000,38176473,0,0.47755349533044555,3890.8474247455597
permuted,12,PF00595,PF00013,166,1,121,10000000,10000,613703353,0,1.7301815339540108,3904.287742614746
permuted,12,PF00595,PF00013,167,2,121,10000000,10000,435451657,1,-0.047067476082444465,2260.309331893921
permuted,12,PF00595,PF00013,168,0,121,10000000,10000,463790296,0,0.10779758973816408,3962.6741988658905
permuted,13,PF00595,PF00013,166,1,121,10000000,10000,1696235897,0,1.7345222115134498,3845.375876903534
permuted,13,PF00595,PF00013,167,2,121,10000000,10000,1484433609,1,-0.4214465382935176,3950.542780637741
permuted,13,PF00595,PF00013,168,0,121,10000000,10000,1512718104,0,0.4123156729224513,4059.085364818573
permuted,14,PF00595,PF00013,166,1,121,10000000,10000,1277269242,0,1.1570818883787686,4028.8252758979797
permuted,14,PF00595,PF00013,167,2,121,10000000,10000,1900133706,1,-0.2289698739418677,2234.9659695625305
permuted,14,PF00595,PF00013,168,0,121,10000000,10000,1930504859,0,1.1010659834726049,3963.9646260738373
permuted,15,PF00595,PF00013,166,1,121,10000000,10000,229591866,0,2.035191857122604,2258.8594691753387
permuted,15,PF00595,PF00013,167,2,121,10000000,10000,818897546,0,0.8687229064270021,3974.1827924251556
permuted,15,PF00595,PF00013,168,0,121,10000000,10000,849343835,0,1.262588351966432,4124.773884057999
permuted,16,PF00595,PF00013,166,1,121,10000000,10000,340602171,0,1.2645439005724315,3970.72926402092
permuted,16,PF00595,PF00013,167,2,121,10000000,10000,690816139,0,0.33638285843135257,3911.3463203907013
permuted,16,PF00595,PF00013,168,0,121,10000000,10000,729650010,1,-0.024664079024186606,3928.5157237052917
permuted,17,PF00595,PF00013,166,1,121,10000000,10000,1438905083,0,0.9802292450420468,3887.2555770874023
permuted,17,PF00595,PF00013,167,2,121,10000000,10000,1755568971,1,-0.753897580698994,3922.0954995155334
permuted,17,PF00595,PF00013,168,0,121,10000000,10000,1794329754,0,0.512558186453459,4021.5391523838043
permuted,18,PF00595,PF00013,166,1,121,10000000,10000,1178273341,0,0.9550717333038345,3968.792030096054
permuted,18,PF00595,PF00013,167,2,121,10000000,10000,2069573517,0,0.12743975543363417,3825.3935420513153
permuted,18,PF00595,PF00013,168,0,121,10000000,10000,2030811228,0,0.9379365246041623,3923.016082048416
permuted,19,PF00595,PF00013,166,1,121,10000000,10000,129358333,0,1.9013897788457699,3994.686313867569
permuted,19,PF00595,PF00013,167,2,121,10000000,10000,987099213,0,0.6673141519604063,3995.2911927700043
permuted,19,PF00595,PF00013,168,0,121,10000000,10000,948266908,0,0.3397326162188829,4025.2948291301727
permuted,20,PF00595,PF00013,166,1,121,10000000,10000,191247752,0,1.185548798906536,3893.66286110878
permuted,20,PF00595,PF00013,167,2,121,10000000,10000,906370104,1,-0.15128796123106047,3872.289656639099
permuted,20,PF00595,PF00013,168,0,121,10000000,10000,878087145,0,0.7353743097325187,3939.093096971512
permuted,21,PF00595,PF00013,166,1,121,10000000,10000,1256778312,0,0.9096146932925159,2340.7415516376495
permuted,21,PF00595,PF00013,167,2,121,10000000,10000,2005451768,0,0.007247073809772484,3895.6032161712646
permuted,21,PF00595,PF00013,168,0,121,10000000,10000,1977111593,1,-0.0881654620120274,1899.3496148586273
permuted,22,PF00595,PF00013,166,1,121,10000000,10000,1393200201,0,1.5213515030639586,3845.354448080063
permuted,22,PF00595,PF00013,167,2,121,10000000,10000,1852483065,0,0.10503382708013362,3866.9301900863647
permuted,22,PF00595,PF00013,168,0,121,10000000,10000,1815753256,0,0.24960179553186768,3936.814450740814
permuted,23,PF00595,PF00013,166,1,121,10000000,10000,310662025,0,1.8171032384810173,3825.7991750240326
permuted,23,PF00595,PF00013,167,2,121,10000000,10000,803502649,0,0.4672591555749566,3828.5842797756195
permuted,23,PF00595,PF00013,168,0,121,10000000,10000,766832104,0,0.0803334056173451,3334.639103412628
permuted,24,PF00595,PF00013,166,1,121,10000000,10000,1002391050,0,1.5799128779651719,3940.5369143486023
permuted,24,PF00595,PF00013,167,2,121,10000000,10000,115306426,0,0.45685210963985484,3312.220574617386
permuted,24,PF00595,PF00013,168,0,121,10000000,10000,76544107,0,1.0615011948308548,3958.178469657898
permuted,25,PF00595,PF00013,166,1,121,10000000,10000,2050070986,0,1.5852307080774255,3941.954251766205
permuted,25,PF00595,PF00013,167,2,121,10000000,10000,1196535930,1,-0.5548877123181428,3954.841094017029
permuted,25,PF00595,PF00013,168,0,121,10000000,10000,1157703595,0,0.969869347987984,4008.685641527176
permuted,26,PF00595,PF00013,166,1,121,10000000,10000,1674837963,0,2.171960099140646,2279.995285987854
permuted,26,PF00595,PF00013,167,2,121,10000000,10000,1588844155,0,0.4860074592628368,3890.1884031295776
permuted,26,PF00595,PF00013,168,0,121,10000000,10000,1558397354,0,0.8086568927312229,3931.3673141002655
permuted,27,PF00595,PF00013,166,1,121,10000000,10000,576528395,0,2.268622049324564,2268.317008972168
permuted,27,PF00595,PF00013,167,2,121,10000000,10000,524093883,0,0.1304100548685679,3979.317496776581
permuted,27,PF00595,PF00013,168,0,121,10000000,10000,493723242,0,0.33040552789237226,3856.8825607299805
permuted,28,PF00595,PF00013,166,1,121,10000000,10000,832951501,0,0.7793012257528873,2217.892619371414
permuted,28,PF00595,PF00013,167,2,121,10000000,10000,214302077,1,-0.24031873358799163,2224.419857740402
permuted,28,PF00595,PF00013,168,0,121,10000000,10000,244673196,0,0.3008811196322508,3913.612076282501
permuted,29,PF00595,PF00013,166,1,121,10000000,10000,1881869069,0,2.9269521967337155,3868.5348360538483
permuted,29,PF00595,PF00013,167,2,121,10000000,10000,1296769725,0,0.26201488803086737,3871.1166665554047
permuted,29,PF00595,PF00013,168,0,121,10000000,10000,1327215980,0,0.8403712152301723,1921.61425948143
scrambled,0,PF00595,PF00013,166,1,121,10000000,10000,393656336,0,0.47230270192912555,4496.076188087463
scrambled,0,PF00595,PF00013,167,2,121,10000000,10000,706122144,0,0.03525396468957199,2492.3936603069305
scrambled,0,PF00595,PF00013,168,0,121,10000000,10000,675677809,0,0.8856841443675686,4415.482920408249
scrambled,1,PF00595,PF00013,166,1,121,10000000,10000,1459120080,1,-0.3216651500169217,2040.4942226409912
scrambled,1,PF00595,PF00013,167,2,121,10000000,10000,1805143648,1,-0.2518803160951382,4313.767276763916
scrambled,1,PF00595,PF00013,168,0,121,10000000,10000,1774770609,0,0.2537269883267321,4267.557837724686
scrambled,2,PF00595,PF00013,166,1,121,10000000,10000,1327104465,0,0.040411041083663585,3700.509062051773
scrambled,2,PF00595,PF00013,167,2,121,10000000,10000,1920608353,1,-0.44057290787477515,2499.6541426181793
scrambled,2,PF00595,PF00013,168,0,121,10000000,10000,1881849776,0,0.32819758142010524,4508.756344079971
scrambled,3,PF00595,PF00013,166,1,121,10000000,10000,244637201,0,0.6478694180956432,4412.592869520187
scrambled,3,PF00595,PF00013,167,2,121,10000000,10000,871692193,0,0.5774935085834821,4325.168684005737
scrambled,3,PF00595,PF00013,168,0,121,10000000,10000,832856176,0,1.4332781858984374,2487.5040714740753
scrambled,4,PF00595,PF00013,166,1,121,10000000,10000,665832338,0,0.0724926685604762,4229.368165969849
scrambled,4,PF00595,PF00013,167,2,121,10000000,10000,449831458,0,0.3077440885940726,4178.016407251358
scrambled,4,PF00595,PF00013,168,0,121,10000000,10000,413103603,0,0.4875236099736646,4262.863089561462
scrambled,5,PF00595,PF00013,166,1,121,10000000,10000,1713443922,0,0.39920386619865966,2490.1077179908752
scrambled,5,PF00595,PF00013,167,2,121,10000000,10000,1531002338,1,-0.32260793414758937,4267.0313358306885
scrambled,5,PF00595,PF00013,168,0,121,10000000,10000,1494329907,0,0.32743504996191053,3682.0050749778748
scrambled,6,PF00595,PF00013,166,1,121,10000000,10000,2143515219,1,-0.21885748122975904,4451.607117176056
scrambled,6,PF00595,PF00013,167,2,121,10000000,10000,1118002147,1,-0.6254730857317382,4375.357977390289
scrambled,6,PF00595,PF00013,168,0,121,10000000,10000,1089719346,0,0.3619514714626493,4472.0593066215515
scrambled,7,PF00595,PF00013,166,1,121,10000000,10000,1045278099,0,0.0236509044737365,4482.875544548035
scrambled,7,PF00595,PF00013,167,2,121,10000000,10000,53314595,0,0.5768317448504845,4466.977137804031
scrambled,7,PF00595,PF00013,168,0,121,10000000,10000,24974322,0,0.7404989336046246,4366.85182261467
scrambled,8,PF00595,PF00013,166,1,121,10000000,10000,766859605,0,0.4498453230389894,4392.542948246002
scrambled,8,PF00595,PF00013,167,2,121,10000000,10000,282423525,0,0.07049023220414212,4345.898029327393
scrambled,8,PF00595,PF00013,168,0,121,10000000,10000,310765364,0,0.24625087042697327,4340.021817684174
scrambled,9,PF00595,PF00013,166,1,121,10000000,10000,1815840405,0,0.032342733821032525,4484.518198728561
scrambled,9,PF00595,PF00013,167,2,121,10000000,10000,1364963109,0,0.2148061612867211,4345.245846271515
scrambled,9,PF00595,PF00013,168,0,121,10000000,10000,1393244404,0,0.8196098255770262,4396.7791039943695
scrambled,10,PF00595,PF00013,166,1,121,10000000,10000,215217279,0,0.2594339057668099,4575.989844322205
scrambled,10,PF00595,PF00013,167,2,121,10000000,10000,833871311,0,0.6003508437987874,4318.960031747818
scrambled,10,PF00595,PF00013,168,0,121,10000000,10000,870533662,0,1.2168868267673552,4416.754290103912
scrambled,11,PF00595,PF00013,166,1,121,10000000,10000,1297951679,0,0.42060743686650515,4330.91312289238
scrambled,11,PF00595,PF00013,167,2,121,10000000,10000,1883046415,0,0.4790609569492396,2430.1090445518494
scrambled,11,PF00595,PF00013,168,0,121,10000000,10000,1919784414,0,0.986473069007195,4413.284300804138
scrambled,12,PF00595,PF00013,166,1,121,10000000,10000,1421823422,1,-0.138659956227613,4296.843898057938
scrambled,12,PF00595,PF00013,167,2,121,10000000,10000,1776247822,1,-0.16359461406509287,4212.445707798004
scrambled,12,PF00595,PF00013,168,0,121,10000000,10000,1804596191,1,-0.04157712633496406,2029.5800008773804
scrambled,13,PF00595,PF00013,166,1,121,10000000,10000,355570302,0,0.026308058766751907,4445.881669521332
scrambled,13,PF00595,PF00013,167,2,121,10000000,10000,676445134,0,0.11076923020448583,4390.874460220337
scrambled,13,PF00595,PF00013,168,0,121,10000000,10000,704719903,0,1.068868149886707,4533.993834972382
scrambled,14,PF00595,PF00013,166,1,121,10000000,10000,1007323133,0,0.46338526563385746,2440.0468049049377
scrambled,14,PF00595,PF00013,167,2,121,10000000,10000,23768653,0,0.07869810854397616,4387.914003133774
scrambled,14,PF00595,PF00013,168,0,121,10000000,10000,54147484,0,0.6559855664448896,2424.08810710907
scrambled,15,PF00595,PF00013,166,1,121,10000000,10000,2105825341,1,-0.42721329484761394,2476.8291544914246
scrambled,15,PF00595,PF00013,167,2,121,10000000,10000,1088713101,1,-0.25334629265739433,4327.5063762664795
scrambled,15,PF00595,PF00013,168,0,121,10000000,10000,1119151708,0,0.6741119100466684,4333.086121082306
scrambled,16,PF00595,PF00013,166,1,121,10000000,10000,1684422204,0,0.15765349304116796,4376.112312555313
scrambled,16,PF00595,PF00013,167,2,121,10000000,10000,1493571468,1,-0.19590178910064468,4391.0896944999695
scrambled,16,PF00595,PF00013,168,0,121,10000000,10000,1532395613,0,0.5530220942848432,4190.603012561798
scrambled,17,PF00595,PF00013,166,1,121,10000000,10000,636019196,1,-0.18688013435117207,4278.1223928928375
scrambled,17,PF00595,PF00013,167,2,121,10000000,10000,411617356,0,0.09847238633461967,4319.577688932419
scrambled,17,PF00595,PF00013,168,0,121,10000000,10000,450387869,0,0.04617372565070354,4283.060870409012
scrambled,18,PF00595,PF00013,166,1,121,10000000,10000,907023674,1,-0.2861207586032278,4576.876251935959
scrambled,18,PF00595,PF00013,167,2,121,10000000,10000,191904906,0,0.21210129394028193,4327.609770059586
scrambled,18,PF00595,PF00013,168,0,121,10000000,10000,153135963,0,1.0873138941918339,4476.982426404953
scrambled,19,PF00595,PF00013,166,1,121,10000000,10000,2006895354,1,-0.15636962252547235,4274.683576107025
scrambled,19,PF00595,PF00013,167,2,121,10000000,10000,1258218314,0,0.4242981793123469,4342.954521656036
scrambled,19,PF00595,PF00013,168,0,121,10000000,10000,1219392667,0,1.085990978069828,4342.337814092636
scrambled,20,PF00595,PF00013,166,1,121,10000000,10000,2068653711,0,0.03219080820602123,4362.194051027298
scrambled,20,PF00595,PF00013,167,2,121,10000000,10000,1177358143,0,0.15469416340237796,4398.392663240433
scrambled,20,PF00595,PF00013,168,0,121,10000000,10000,1149081838,1,-0.07828511433345872,4323.372518777847
scrambled,21,PF00595,PF00013,166,1,121,10000000,10000,985921871,0,0.28793320123391986,4533.2567501068115
scrambled,21,PF00595,PF00013,167,2,121,10000000,10000,128176383,0,0.3887368290955581,4465.357319116592
scrambled,21,PF00595,PF00013,168,0,121,10000000,10000,99829550,0,1.4358976863221466,2522.3083770275116
scrambled,22,PF00595,PF00013,166,1,121,10000000,10000,589406030,1,-0.12367202166309643,4311.544169664383
scrambled,22,PF00595,PF00013,167,2,121,10000000,10000,507623166,0,0.19069327608315412,2556.731930732727
scrambled,22,PF00595,PF00013,168,0,121,10000000,10000,470884655,0,0.8405373668352489,2450.2270481586456
scrambled,23,PF00595,PF00013,166,1,121,10000000,10000,1655652494,1,-0.13225890066957308,2445.561264038086
scrambled,23,PF00595,PF00013,167,2,121,10000000,10000,1607428414,0,0.5573801508883837,4312.227418422699
scrambled,23,PF00595,PF00013,168,0,121,10000000,10000,1570766575,0,1.2444238446486058,2034.0506727695465
scrambled,24,PF00595,PF00013,166,1,121,10000000,10000,1268012301,1,-0.257830080554347,3789.100641489029
scrambled,24,PF00595,PF00013,167,2,121,10000000,10000,1995734205,0,0.021007943526691858,3706.4841084480286
scrambled,24,PF00595,PF00013,168,0,121,10000000,10000,1956965228,0,0.6651808625901028,4366.562115192413
scrambled,25,PF00595,PF00013,166,1,121,10000000,10000,169511629,1,-0.23850100395147755,4326.97261595726
scrambled,25,PF00595,PF00013,167,2,121,10000000,10000,930784125,0,0.21273412809422101,4239.559844255447
scrambled,25,PF00595,PF00013,168,0,121,10000000,10000,891958444,1,-0.06524741447788432,4318.823380470276
scrambled,26,PF00595,PF00013,166,1,121,10000000,10000,335080652,1,-0.6144047812944693,4385.578961849213
scrambled,26,PF00595,PF00013,167,2,121,10000000,10000,781763964,1,-0.25136653700805395,4354.294806480408
scrambled,26,PF00595,PF00013,168,0,121,10000000,10000,751325869,0,0.04673875232256931,2487.4943985939026
scrambled,27,PF00595,PF00013,166,1,121,10000000,10000,1383478028,1,-0.8417581148984346,4327.850562572479
scrambled,27,PF00595,PF00013,167,2,121,10000000,10000,1863719612,1,-0.6688389577111774,4490.069442033768
scrambled,27,PF00595,PF00013,168,0,121,10000000,10000,1833340269,0,0.24409094634030784,4397.004808425903
scrambled,28,PF00595,PF00013,166,1,121,10000000,10000,1099876298,1,-0.3779563595906121,4524.563443183899
scrambled,28,PF00595,PF00013,167,2,121,10000000,10000,2096033402,0,0.09151631238582969,4444.174341678619
scrambled,28,PF00595,PF00013,168,0,121,10000000,10000,2126412203,0,0.7571981151390409,4509.01689863205
scrambled,29,PF00595,PF00013,166,1,121,10000000,10000,6154,1,-0.42669010223958936,4382.807221412659
scrambled,29,PF00595,PF00013,167,2,121,10000000,10000,1029714362,1,-0.02963112393602764,4230.749658346176
scrambled,29,PF00595,PF00013,168,0,121,10000000,10000,1060152939,1,-0.18364813278181386,4283.728159666061
shuffled,0,PF00595,PF00013,166,1,121,10000000,10000,136569378,1,-0.5973459172240474,4677.6672739982605
shuffled,0,PF00595,PF00013,167,2,121,10000000,10000,893635474,1,-0.8877011666514306,2615.1384489536285
shuffled,0,PF00595,PF00013,168,0,121,10000000,10000,924015683,1,-0.4861291904063579,2670.993693590164
shuffled,1,PF00595,PF00013,166,1,121,10000000,10000,1236090338,1,-1.006506902163832,2639.6755316257477
shuffled,1,PF00595,PF00013,167,2,121,10000000,10000,1959597138,1,-0.8268338249058806,4466.284189939499
shuffled,1,PF00595,PF00013,168,0,121,10000000,10000,1990034307,1,-0.4449102162943806,4407.010763883591
shuffled,2,PF00595,PF00013,166,1,121,10000000,10000,1347378147,1,-0.7529615831029699,4519.153983831406
shuffled,2,PF00595,PF00013,167,2,121,10000000,10000,1831826003,1,-0.8320820346309304,4624.739575147629
shuffled,2,PF00595,PF00013,168,0,121,10000000,10000,1870652802,0,0.09818326472281604,4479.996323108673
shuffled,3,PF00595,PF00013,166,1,121,10000000,10000,297894947,1,-1.1828253359336653,2601.1130089759827
shuffled,3,PF00595,PF00013,167,2,121,10000000,10000,748793235,1,-0.6961491915104017,2585.7208127975464
shuffled,3,PF00595,PF00013,168,0,121,10000000,10000,787561026,1,-0.7445462026611671,2078.7364547252655
shuffled,4,PF00595,PF00013,166,1,121,10000000,10000,955945376,1,-1.0923870684613464,3672.100434780121
shuffled,4,PF00595,PF00013,167,2,121,10000000,10000,94025744,1,-1.2265832818911409,2572.6186060905457
shuffled,4,PF00595,PF00013,168,0,121,10000000,10000,130691009,1,-0.29813365110336687,2633.496241569519
shuffled,5,PF00595,PF00013,166,1,121,10000000,10000,2037665376,1,-1.0146392240871125,4531.739598274231
shuffled,5,PF00595,PF00013,167,2,121,10000000,10000,1142187984,1,-0.9087878894790001,4551.139610052109
shuffled,5,PF00595,PF00013,168,0,121,10000000,10000,1178923009,1,-0.23150420668988522,4625.3993537425995
shuffled,6,PF00595,PF00013,166,1,121,10000000,10000,1620453473,1,-0.6809681650217275,2057.8442425727844
shuffled,6,PF00595,PF00013,167,2,121,10000000,10000,1576403409,1,-0.7774161642755986,2569.871044397354
shuffled,6,PF00595,PF00013,168,0,121,10000000,10000,1604752896,1,-0.03503749757246051,2553.561738014221
shuffled,7,PF00595,PF00013,166,1,121,10000000,10000,555284385,1,-0.9670870746836251,2572.10205578804
shuffled,7,PF00595,PF00013,167,2,121,10000000,10000,477683217,1,-1.01369858375337,4380.71165394783
shuffled,7,PF00595,PF00013,168,0,121,10000000,10000,505956800,1,-0.21780092837790593,2627.6881058216095
shuffled,8,PF00595,PF00013,166,1,121,10000000,10000,853541735,1,-1.1610082085491233,3738.547863006592
shuffled,8,PF00595,PF00013,167,2,121,10000000,10000,260057815,1,-1.0955597339310748,2660.9356112480164
shuffled,8,PF00595,PF00013,168,0,121,10000000,10000,231783686,1,-0.03437567253047384,4435.887258768082
shuffled,9,PF00595,PF00013,166,1,121,10000000,10000,1936645287,1,-0.7904464985064932,4365.265702962875
shuffled,9,PF00595,PF00013,167,2,121,10000000,10000,1309603095,1,-0.9475007202782226,3662.153839111328
shuffled,9,PF00595,PF00013,168,0,121,10000000,10000,1281254086,0,0.06265567575103397,4407.205957651138
shuffled,10,PF00595,PF00013,166,1,121,10000000,10000,327593549,1,-0.9782859933757608,4430.059390068054
shuffled,10,PF00595,PF00013,167,2,121,10000000,10000,786860029,1,-1.0294234090178869,4541.574975967407
shuffled,10,PF00595,PF00013,168,0,121,10000000,10000,750129196,1,-0.5451970726108861,2071.6194660663605
shuffled,11,PF00595,PF00013,166,1,121,10000000,10000,1376285069,1,-0.9842488669999848,4338.942755937576
shuffled,11,PF00595,PF00013,167,2,121,10000000,10000,1869109309,1,-1.166668334237782,2449.0008611679077
shuffled,11,PF00595,PF00013,168,0,121,10000000,10000,1832439788,1,-0.1625794697384205,4288.52574634552
shuffled,12,PF00595,PF00013,166,1,121,10000000,10000,1273632652,1,-0.648514381855141,4416.388532876968
shuffled,12,PF00595,PF00013,167,2,121,10000000,10000,1988771388,1,-0.8157026544202213,2478.029673099518
shuffled,12,PF00595,PF00013,168,0,121,10000000,10000,1960487405,1,-0.2217755782610369,4289.329236984253
shuffled,13,PF00595,PF00013,166,1,121,10000000,10000,174377036,1,-0.6726576863774757,4404.76605629921
shuffled,13,PF00595,PF00013,167,2,121,10000000,10000,923066876,1,-0.8363759466981472,2534.1792125701904
shuffled,13,PF00595,PF00013,168,0,121,10000000,10000,894727725,1,-0.26164581573052476,2593.319149494171
shuffled,14,PF00595,PF00013,166,1,121,10000000,10000,593485263,1,-1.007867495997122,4388.857581853867
shuffled,14,PF00595,PF00013,167,2,121,10000000,10000,507507839,1,-0.8285066753899138,2624.1397891044617
shuffled,14,PF00595,PF00013,168,0,121,10000000,10000,477062062,1,-0.4534188885069089,4326.503307342529
shuffled,15,PF00595,PF00013,166,1,121,10000000,10000,1657864719,1,-1.2902388580300608,4519.982800960541
shuffled,15,PF00595,PF00013,167,2,121,10000000,10000,1605446591,1,-0.9739503633531226,4524.314640760422
shuffled,15,PF00595,PF00013,168,0,121,10000000,10000,1575074926,1,-0.4294430278089448,4570.898700237274
shuffled,16,PF00595,PF00013,166,1,121,10000000,10000,2066965518,1,-0.8946357266701721,2600.9549655914307
shuffled,16,PF00595,PF00013,167,2,121,10000000,10000,1179864510,1,-0.656335609021007,2594.691753387451
shuffled,16,PF00595,PF00013,168,0,121,10000000,10000,1141103215,1,-0.41548598377145163,2542.447070121765
shuffled,17,PF00595,PF00013,166,1,121,10000000,10000,985512910,1,-0.9717744302395231,4495.089984416962
shuffled,17,PF00595,PF00013,167,2,121,10000000,10000,131961470,1,-0.6834218478074594,4358.386847734451
shuffled,17,PF00595,PF00013,168,0,121,10000000,10000,93128111,1,-0.05072723523650326,4488.981612443924
shuffled,18,PF00595,PF00013,166,1,121,10000000,10000,692408072,1,-0.8628832271942652,4445.011723995209
shuffled,18,PF00595,PF00013,167,2,121,10000000,10000,337995448,1,-0.4293361873278026,4443.034067392349
shuffled,18,PF00595,PF00013,168,0,121,10000000,10000,376828265,0,0.05484491108906273,4451.954160451889
shuffled,19,PF00595,PF00013,166,1,121,10000000,10000,1758171336,1,-1.0892570886038093,4513.024198055267
shuffled,19,PF00595,PF00013,167,2,121,10000000,10000,1437317496,1,-0.7791539860456942,2570.780072450638
shuffled,19,PF00595,PF00013,168,0,121,10000000,10000,1476079273,1,-0.6675785598688797,2693.849451303482
shuffled,20,PF00595,PF00013,166,1,121,10000000,10000,1679326397,1,-1.0647266827128028,2637.0583097934723
shuffled,20,PF00595,PF00013,167,2,121,10000000,10000,1501058317,1,-0.5486803325154787,2677.6575672626495
shuffled,20,PF00595,PF00013,168,0,121,10000000,10000,1529397980,0,0.10248992175574136,2177.9625029563904
shuffled,21,PF00595,PF00013,166,1,121,10000000,10000,630629245,1,-0.8576028969780676,2630.6983754634857
shuffled,21,PF00595,PF00013,167,2,121,10000000,10000,418810573,1,-0.6934409577025834,4581.609231710434
shuffled,21,PF00595,PF00013,168,0,121,10000000,10000,447094044,1,-0.058236174758621806,4570.7413210868835
shuffled,22,PF00595,PF00013,166,1,121,10000000,10000,1014285692,1,-0.9865626305883671,2612.299551010132
shuffled,22,PF00595,PF00013,167,2,121,10000000,10000,18148556,1,-0.6493490876858101,4473.578033924103
shuffled,22,PF00595,PF00013,168,0,121,10000000,10000,54819613,1,-0.5412562095806365,4383.7527713775635
shuffled,23,PF00595,PF00013,166,1,121,10000000,10000,2113542844,1,-0.9761243768770822,2113.710328102112
shuffled,23,PF00595,PF00013,167,2,121,10000000,10000,1083847436,1,-0.839417327540288,4470.285064935684
shuffled,23,PF00595,PF00013,168,0,121,10000000,10000,1120576733,1,-0.11651818181384589,4557.536524057388
shuffled,24,PF00595,PF00013,166,1,121,10000000,10000,1421938495,1,-0.7068197946871032,4456.443750619888
shuffled,24,PF00595,PF00013,167,2,121,10000000,10000,1772168847,1,-0.7683037868075832,4387.823741912842
shuffled,24,PF00595,PF00013,168,0,121,10000000,10000,1811001694,1,-0.1969833917146346,2609.065499305725
shuffled,25,PF00595,PF00013,166,1,121,10000000,10000,357552383,1,-0.9260101810371963,4384.407658815384
shuffled,25,PF00595,PF00013,167,2,121,10000000,10000,674232655,1,-0.7492748633653598,2619.77938079834
shuffled,25,PF00595,PF00013,168,0,121,10000000,10000,712994462,1,-0.6037327679784874,4426.946844339371
shuffled,26,PF00595,PF00013,166,1,121,10000000,10000,212711166,1,-1.0106377176750672,2651.499691963196
shuffled,26,PF00595,PF00013,167,2,121,10000000,10000,835559246,1,-0.8320355191119757,2611.533762216568
shuffled,26,PF00595,PF00013,168,0,121,10000000,10000,865929375,1,-0.12987398285149443,3814.050858736038
shuffled,27,PF00595,PF00013,166,1,121,10000000,10000,1294166334,1,-0.596450489226196,3738.5024621486664
shuffled,27,PF00595,PF00013,167,2,121,10000000,10000,1883455630,1,-0.8598860697083929,2524.134361743927
shuffled,27,PF00595,PF00013,168,0,121,10000000,10000,1913902943,1,-0.5905618204105579,2053.749732732773
shuffled,28,PF00595,PF00013,166,1,121,10000000,10000,1591451128,1,-1.1035832506083931,2661.6283507347107
shuffled,28,PF00595,PF00013,167,2,121,10000000,10000,1673245768,1,-0.7739926152744278,4409.9874176979065
shuffled,28,PF00595,PF00013,168,0,121,10000000,10000,1642800025,1,-0.26176600382512977,2481.4671380519867
shuffled,29,PF00595,PF00013,166,1,121,10000000,10000,525681208,1,-1.060504394368925,4351.627688884735
shuffled,29,PF00595,PF00013,167,2,121,10000000,10000,573926280,1,-0.6489077559736766,4343.405857086182
shuffled,29,PF00595,PF00013,168,0,121,10000000,10000,543554649,1,-0.23140541362167327,2444.6667613983154
standard,-1,PF00595,PF00013,166,1,121,10000000,10000,616001996,0,1.389281327997793,4137.203505992889
standard,-1,PF00595,PF00013,167,2,121,10000000,10000,433543292,1,-0.7279926985531676,2383.854800224304
standard,-1,PF00595,PF00013,168,0,121,10000000,10000,461885357,0,0.06329131073666457,4180.606921672821
